["Bruce E. Meyereson", "Bruce E. Meyeson"]
["Bruce E. Meyereson", "Bruce E. Meyerson"]
["Clive Elliot", "Clive Elliott Q.C.as"]
["Clive Elliot", "Clive Eliott"]
["Martin Michaus Romer", "Martin Michaus"]
["Martin Michaus Romer", "Mart\u00edn Michaus Romero"]
["Martin Michaus Romer", "Martin Michaus Romero"]
["Claude Freeman LL.M.", "Claude Freeman"]
["Claude Freeman LL.M.", "Claudc Freeman"]
["Joseph Simone", "Joe Simone"]
["Charles K. McCotter", "Charles K. McCotter, Jr."]
["Charles E. Miller", "E. Miller"]
["Stefanie G. Efstathiou", "Stefania-Despoina Efstathiou"]
["Stefanie G. Efstathiou", "Stefania-Despoina Efstathiou LL.M. mult"]
["Stefanie G. Efstathiou", "Stefania-Despoina Efstathiou LL.M."]
["D. Montiano Monteagudo", "Montiano Monteagudo"]
["M Nicolas Ulmer", "Nicolas Ulmer"]
["Lana I", "Lana I Habash"]
["Keith F.Gymer", "Keith Gymer"]
["Keith Gymer", "Keith F.Gymer"]
["Q.C. Richard W. Page", "Richard W. Page"]
["Beatrice Onica", "Beatrice OnicaJarka"]
["Beatrice Onica", "De. Beatrice Onica"]
["Beatrice Onica", "Beatrice Onica Jarka"]
["Christopher Thomas", "J. Christopher Thomas"]
["Christopher Thomas", "Christopher J."]
["Diane Cabelle", "Diane Cabell"]
["Charles K. McCotter, Jr.", "Charles K. McCotter"]
["Charles K. McCotter, Jr.", "K. McCotter, Jr."]
["Albert Augustinoy", "Albert Agustinoy"]
["Albert Augustinoy", "D. Albert Agustinoy"]
["George R.F.Souter", "George R. F. Souter"]
["Paneland Douglas M. Isenberg", "Douglas M. Isenberg"]
["Ashwanie Kumar", "Ashwanie Kumar Bansal"]
["Ashwanie Kumar", "Ashwanie Kumar Bansal"]
["Colin Yee Cheng", "Colin Yee"]
["Timothy D. O\u2019Leary", "D. O\u2019Leary"]
["Alberto de Elzaburu", "D. Alberto de Elzaburu"]
["Alberto de Elzaburu", "Alberto de Elzaburu M\u00e1rquez"]
["Christopher To", "Christophe r To"]
["Paul Van Den", "Paul Van den Bulck"]
["Pham Nghiem Xuan Bac", "Pham Nghiem Xuan"]
["Pham Nghiem Xuan Bac", "Nghiem Xuan Bac"]
["Pham Nghiem Xuan Bac", "Pham Nghiem"]
["G\u00f6khan G\u00f6k\u00e7e", "G\u00f6khan G\u00f6k\u00e7"]
["Francois Dessemontet", "Fran\u00e7ois Dessemontet"]
["Antonia Ruiz L\u00f3pez", "Antonia Ruiz Lopez"]
["Antonia Ruiz L\u00f3pez", "Antonia Ruiz"]
["Joel M.Grossman, Esq", "Joel M. Grossman"]
["Sebastian M.W. Hughes", "Sebastian M W"]
["Sebastian M.W. Hughes", "M W Hughes"]
["Jos\u00e9 Carlos Erdozain de Experto", "Jos\u00e9 Carlos Erdozain"]
["Bradley A.", "Bradley A. Slutsky"]
["Zbynek Loebl", "Zbyn\u011bk Loebl"]
["Matthew S.", "Matthew S. Harr"]
["David H.Bernstein", "David H. Bernstein"]
["Nathalie Dreyfus Membre", "Nathalie Dreyfus"]
["Pablo A.", "Pablo A. Palazzi"]
["Pablo A.", "Pablo A. P"]
["Steven M. Levy, Esq.", "M. Levy, Esq"]
["Steven M. Levy, Esq.", "Steve M. Levy, Esq."]
["Larry Nodine", "Lawrence K. Nodine"]
["Q. Todd Dickinson, Esq", "Todd Dickinson"]
["D. Albert Agustinoy Guilayn", "D. Albert Agustinoy"]
["D. Albert Agustinoy Guilayn", "Albert Agustinoy"]
["D. Albert Agustinoy Guilayn", "Albert Agustinoy Guilayn"]
["D. Albert Agustinoy Guilayn", "Albert Agustinoy Guilany"]
["G.W.G. Karnell", "G. Karnell"]
["Tobias Cohen", "T. Cohen"]
["J.C. Thomas", "J. Christopher Thomas"]
["David Levin Q.C.", "David Levin Q."]
["M. Scott Donahey", "Scott Donahey"]
["M. Scott Donahey", "M. Scott Donehey"]
["Manoel J. Pereira dos Santos", "Manoel J. Pereira"]
["Gabriela Paiva", "Gabriela Paiva Hantke"]
["Sebastian M.W.", "Sebastian M W"]
["Sebastian M.W.", "Sebastian Matthew White"]
["Luz Helena Villamil", "Luz Helena Villamil Jiménez"]
["Luz Helena Villamil", "Luz Helena Villamil J."]
["Luz Helena Villamil", "Luz Helena Villamil Jimenez"]
["Jeffrey D.", "Jeffrey D. Steinhardt"]
["Howard C. Buschman III", "Howard C. Bushman"]
["Howard C. Buschman III", "Howard C. Buschman"]
["W. A. Derry", "W.A. Derry Millar"]
["W. A. Derry", "W. A. Derry Millar"]
["W. A. Derry", "Derry Millar"]
["María Baylos Morales", "María Baylos"]
["Mark Ming", "Mark Ming-Jen Yang"]
["Van Asbroeck", "Beno\u00eet Van Asbroeck"]
["Van Asbroeck", "Benoit Van Asbroeck"]
["Petr Hosta\u0161", "Petr Hostas"]
["Thonras Manson", "Thomas Manson"]
["M. Didier Deneuter", "Didier Deneuter"]
["San Mart\u00edn Santamar\u00eda", "Ignacio San Mart\u00edn Santamar\u00eda"]
["San Mart\u00edn Santamar\u00eda", "Jos\u00e9 Ignacio San Mart\u00edn Santamar\u00eda"]
["Sandy Franklin", "Sandra J. Franklin"]
["Diane Cabell", "Dianne Cabell"]
["Stéphane Lemarchand", "Stéphane Lermarchand"]
["Michael Erdle", "Michael Erdle C.Arb"]
["Ho -Hyun Nam", "Ho-Hyun Nahm, Esq"]
["Ho -Hyun Nam", "Ho-Hyun Nahm, Esq.(Chair"]
["Ho -Hyun Nam", "Ho -Hyun Nam(Presiding"]
["Ho -Hyun Nam", "Ho-Hyun Nahn, Esq"]
["John J.Upchurch", "J. Upchurch"]
["John J.Upchurch", ".John Upchurch J. ("]
["John J.Upchurch", "John J. Upchurch"]
["Alan L. Limbury", "Q.C. Alan Limbury"]
["Alan L. Limbury", "Alan L. Limbury Esq.as Panelists"]
["Alan L. Limbury", "Alan L."]
["Edward C.", "Edward C. Chiasson"]
["Edward C.", "Edward C. Chiassson"]
["Michael A.R. Bernasconi", "Herrn Michael A.R. Bernasconi"]
["Michael A.R. Bernasconi", "Michele A.R. Bernasconi"]
["Michael Hwang S. C", "Michael Hwang S.C"]
["Michael Hwang S. C", "Michael Hwang"]
["Kiyoshi Iago Tsuru Alber\u00fa", "Kiyoshi I.Tsuru"]
["Kiyoshi Iago Tsuru Alber\u00fa", "Kiyoshi Tsuru"]
["Nathalie Dreyfus>>as", "Nathalie Dreyfus"]
["Antonia Ruiz Lopez", "Antonia Ruiz L\u00f3pez"]
["Antonia Ruiz Lopez", "Antonia Ruiz"]
["Tan Loke-Khoon", "Loke Khoon Tan"]
["David L. Kreider)\uff0c\u4e13\u5bb6\u7ec4", "David L.Kreider"]
["David L. Kreider)\uff0c\u4e13\u5bb6\u7ec4", "David L. Kreider"]
["Jerry Yulilr", "Yulin Jerry Zhang"]
["Marie-Emmanuelle Haas Avocat", "Marie-Emmanuelle Haas"]
["Marie-Emmanuelle Haas Avocat", "Marie-Emmanuelle HASS"]
["ROBERT T.PFEUFFER", "Robert T. Pfeuffer"]
["ROBERT T.PFEUFFER", "T. Pfeuffer"]
["Frederick M. Abbott", "M. Abbott"]
["Frederick M. Abbott", "F M Abbott"]
["Frederick M. Abbott", "F.M. Abbott"]
["R. Glen Ayres", "R. Glen Ayers"]
["R. Glen Ayres", "R.GLEN AYERS"]
["R. Glen Ayres", "R. Glen Ayers, Jr."]
["Mauricio Jalife", "Mauricio Jalife Daher"]
["Scott Blackmer", "W. Scott Blackmer"]
["Manuel Felipe", "Manuel Felipe Oehen Mendes"]
["Gerald Levine Ph.D,", "Gerald M. Levine"]
["André Le", "André Le Stanc"]
["YoungHill Liew", "Hill Liew"]
["YoungHill Liew", "Young-Hill Liew"]
["Terry F. Peppard", "Terry F.Peppard"]
["Edoardo Fano", "Edorado Fano"]
["Barry C. Eifel", "Barry C. Effler"]
["Albert Agustinoy", "Albert Augustinoy"]
["Albert Agustinoy", "D. Albert Agustinoy"]
["Albert Agustinoy", "D. Albert Agustinoy Guilayn"]
["Albert Agustinoy", "Albert Agustinoy Guilayn"]
["Albert Agustinoy", "Albert Agustinoy Guilany"]
["Berhard F. Meyer-Hauser", "Bernhard F. Meyer"]
["Berhard F. Meyer-Hauser", "Bernard F. Meyer-Hauser"]
["Berhard F. Meyer-Hauser", "Bernhard F. Meyer-Hauser"]
["Berhard F. Meyer-Hauser", "Herr Bernhard F. Meyer-Hauser"]
["David L. KREIDER)\uff0c\u966a\u5ba1\u5458", "David L. Kreider)\uff0c\u4e13\u5bb6\u7ec4"]
["David L. KREIDER)\uff0c\u966a\u5ba1\u5458", "David L. Kreider\uff08\u67ef\u745e\u5fb7\u5f8b\u5e08\uff09\u4f5c\u4e3a\u966a\u5ba1\u56e2\u6210\u5458\u3002"]
["David L. KREIDER)\uff0c\u966a\u5ba1\u5458", "David L.Kreider"]
["David L. KREIDER)\uff0c\u966a\u5ba1\u5458", "David L. Kreider"]
["Luis Miguel Beneyto Garcia-Reyes", "Luis Miguel Beneyto Garcia"]
["Luis Miguel Beneyto Garcia-Reyes", "Luis Miguel Beneyto Garc\u00eda"]
["R.P. Kerans", "Roger P. Kerans FCIArb"]
["R.P. Kerans", "R. P. Kerans"]
["R.P. Kerans", "Roger P. Kerans"]
["Philippe Gilli\u00e9ron", "Phillipe Gilli\u00e9ron"]
["Philippe Gilli\u00e9ron", "M. Philippe Gilli\u00e9ron"]
["Martin Michaus", "Martin Michaus Romer"]
["Martin Michaus", "Martin Michaus Romero"]
["Martin Michaus", "Martín Michaus"]
["Martin Michaus", "Martín Michaus Romero"]
["Albert Agustinoy Guilayn", "Albert Agustinoy"]
["Albert Agustinoy Guilayn", "D. Albert Agustinoy"]
["Albert Agustinoy Guilayn", "D. Albert Agustinoy Guilayn"]
["Albert Agustinoy Guilayn", "Alberto Agustinoy Guilayn"]
["Albert Agustinoy Guilayn", "Albert Agustinoy Guilany"]
["V. K. Agarwal", "Vinod K. Agarwal"]
["ed Olga Za lomiy", "Olga Zalomiy"]
["Eric Gaum", "Eric Guam"]
["Eric Gaum", "R. Eric Gaum"]
["E.J.V.T. van den", "E.J.V.T. van den Broek"]
["H. Curtis", "H. Curtis Meanor"]
["H. Curtis", "H.Curtis Meanor"]
["Jonas Gulliksson", "Jonas Gullikson"]
["Leticia Calimero", "Leticia Caminero"]
["Christian André Le Stanc", "André Le Stanc"]
["William P", "William P. Knight"]
["Beatrice OnicaJarka", "Beatrice Onica"]
["Beatrice OnicaJarka", "De. Beatrice Onica"]
["Beatrice OnicaJarka", "Beatrice Onica Jarka"]
["N A Brown", "The Honhourable Neil Anthony Brown"]
["N A Brown", "Neil Anthony Brown"]
["N A Brown", "Neil Brown QCPanelist"]
["N A Brown", "Neil Anthony Brown Q"]
["N A Brown", "NeilAnthony Brown"]
["N A Brown", "Meil Anthony Brown"]
["N A Brown", "Nell Anthony Brown"]
["Christian-André Le", "André Le"]
["Thomas Creel Edward Poplawski", "Edward G. Poplawski"]
["Thomas Creel Edward Poplawski", "T. Creel"]
["Paul L. Reeskamp", "P.L. Reeskamp"]
["Denis Sauvé", "Denis Sauve"]
["Petr Hostas", "Petr Hostaš"]
["David Levin Q.", "David Levin Q.C."]
["Michal Matějka", "Michal Matejka"]
["Tyruss R. Atkinson, Jr.", "Tyrud R. Atkinson, Jr."]
["Tyruss R. Atkinson, Jr.", "HON. TYRUS R. ATKINSON, JR"]
["Tyruss R. Atkinson, Jr.", "Tyrus R. Atkinson"]
["Tyruss R. Atkinson, Jr.", "Tyrus R. Atkinson, Jr.and"]
["Marty Schwimmer", "Martin Schwimmer"]
["Jabur Wilson Pinheiro", "Wilson Pinheiro Jabur"]
["Jabur Wilson Pinheiro", "Wilson Pinheiro"]
["Harrie R. Samaras", "Harrie R."]
["Harrie R. Samaras", "R. Samaras"]
["Richard W. Page", "Q.C. Richard W. Page"]
["Richard W. Page", "R. W. Page"]
["Ralph Yacnin", "Ralph Yachnin"]
["Ralph Yacnin", "Ralph Yachnnin"]
["Ralph Yacnin", "Ralph Yachnin J."]
["Ralph Yacnin", "Ralph Yachni"]
["Ralph Yacnin", "Ralph Yachin"]
["Ralph Yacnin", "Ralph Yachninn"]
["Ralph Yacnin", "Ralph Yachniin"]
["Ralph Yacnin", "Ralph Yachinin"]
["Ralph Yacnin", "Ralph Yachnn"]
["Jabur Wilson Pinheiro", "Wilson Pinheiro Jabu"]
["James B. Strickland, Jr", "Harold Carter Jr"]
["James B. Strickland, Jr", "James B. Strickland, Jr"]
["Barry C. Ether.", "Barry C. Effler"]
["Barry C. Ether.", "Barry C. E ffler"]
["Barry C. Ether.", "Barry C. Effler C. Arb"]
["Barry C. Ether.", "Q.C. Barry C. Effler"]
["H\u00e9ctor Ariel Manoff", "Hector Ariel Manoff"]
["Darius Sauliunas", "Darius Sauli\u016bnas"]
["Melvyn J. Simburg", "Melvyn J. Sinrburg"]
["Luz Helena Villamil Jim\u00e9nez", "Luz Helena Villamil"]
["Luz Helena Villamil Jim\u00e9nez", "Luz Helena Villamil J."]
["Luz Helena Villamil Jim\u00e9nez", "Luz Helena Villamil Jimenez"]
["Lorelei Ritchie De Larena", "Lorelei Ritchie"]
["M. Jean-Claude Combaldieu", "Jean-Claude Combaldieu"]
["Darius Sauli\u016bnas", "Darius Sauliunas"]
["Herrn Michael A.R. Bernasconi", "Michael A.R. Bernasconi"]
["Jaqmes A. Crary", "James A.Crary"]
["Beno\u00eet Van Asbroeck", "Benoit Van Asbroeck"]
["Eric Macramalia", "Eric Macramalla"]
["Tyrus R. Atkinson, Jr.", "Tyruss R. Atkinson, Jr."]
["Tyrus R. Atkinson, Jr.", "Tyrus R."]
["Tyrus R. Atkinson, Jr.", "Tyrsu R. Atkinson, Jr."]
["Tyrus R. Atkinson, Jr.", "HON. TYRUS R. ATKINSON, JR"]
["Tyrus R. Atkinson, Jr.", "Tyrus R. Atkinson"]
["Tyrus R. Atkinson, Jr.", "Tyrus R. Atkinson, Jr.and"]
["Joe Simone", "Joseph Simone"]
["T. Cohen", "Tobias Cohen"]
["Cheris e Valles", "Cherise Valles"]
["Maria Cristina Mart\u00ednez", "Maria Cristina Mart\u00ednez-Tercero Molina"]
["Jonas Gullikson", "Jonas Gulliksson"]
["R. Glen Ayers", "R. Glen Ayres"]
["R. Glen Ayers", "R.GLEN AYERS"]
["R. Glen Ayers", "Glen Ayers, Jr."]
["R. Glen Ayers", "R. Glen Ayers, Jr."]
["Warwick A.Rothnie", "Warwick A. Rothnie"]
["Warwick A.Rothnie", "Warwick A. Rothine"]
["Nicholas J.T. Smith", "J.T. Smith"]
["Pedro W. Buchanan Smith", "Buchanan Smith"]
["Pedro W. Buchanan Smith", "Pedro W."]
["G. Gervaise Davis III", "G.Gervaise Davis III"]
["G. Gervaise Davis III", "G.Gervaise Davis"]
["G. Gervaise Davis III", "Gervaise Davis"]
["G. Gervaise Davis III", "Gervaise Davis III"]
["G. Gervaise Davis III", "G. Gervaise Davis"]
["Miguel B. O\u2019Farell", "Miguel B. O\u2019Farrell"]
["Miguel B. O\u2019Farell", "Miguel B. O\u2019Farrell como"]
["Jos\u00e9 Pio Tamassia Santos", "Jos\u00e9 Pio Tamassia"]
["Jos\u00e9 Pio Tamassia Santos", "Jos\u00e9 Pio"]
["Jos\u00e9 Pio Tamassia Santos", "Jose Pio Tamassia"]
["Mazini Abderrazak", "MAZINI Abderrazzak"]
["Matt hew Murphy", "Matthew Murphy"]
["Matt hew Murphy", "Mathew Murphy"]
["Carolyn Marks Johnson", "Carolyn Marks"]
["Carolyn Marks Johnson", "Carolyn M. Jonhson"]
["Carolyn Marks Johnson", "HonorableCarloyn M. Johnson"]
["Carolyn Marks Johnson", "Carloyn M. Johnson"]
["James Bridgeman SC", "James Bridgeman"]
["Ralph Yachnin", "Ralph Yacnin"]
["Ralph Yachnin", "Ralph Yachnnin"]
["Ralph Yachnin", "Ralph Yachniin"]
["Ralph Yachnin", "Jude Ralph Yachnin"]
["Ralph Yachnin", "Ralpah Yachnin"]
["Bernhard F. Meyer", "Bernhard F. Meyer-Hauser"]
["Bernhard F. Meyer", "Herr Bernhard F. Meyer-Hauser"]
["Robert Bianchi", "Roberto Bianchi"]
["Robert Bianchi", "Roberto A. Bianchi´s"]
["Linda M", "Linda M.Byne"]
["Linda M", "Linda M. Byrne"]
["Kendall C. Reed", "Kendal C. Reed"]
["R. W. Page", "Richard W. Page"]
["W.A. Derry Millar", "W. A. Derry Millar"]
["Ingrīda Kariņa-Bērziņa", "Ingrīda Kariņa-Berziņa"]
["Ingrīda Kariņa-Bērziņa", "Ingrida Kariņa-Bērziņa"]
["The Honhourable Neil Anthony Brown", "Neil Brown Q. C."]
["The Honhourable Neil Anthony Brown", "Neil Anthony Brown"]
["The Honhourable Neil Anthony Brown", "Anthony Brown"]
["The Honhourable Neil Anthony Brown", "Neil Brown QCPanelist"]
["The Honhourable Neil Anthony Brown", "Neil Anthony Brow QC"]
["The Honhourable Neil Anthony Brown", "Neil Anthony Brown Q"]
["The Honhourable Neil Anthony Brown", "Neil Anthony B rown QC"]
["The Honhourable Neil Anthony Brown", "NeilAnthony Brown"]
["The Honhourable Neil Anthony Brown", "Meil Anthony Brown"]
["The Honhourable Neil Anthony Brown", "Nell Anthony Brown"]
["Davis III", "G. Gervaise Davis III"]
["Davis III", "G.Gervaise Davis III"]
["Ian Baker", "Ian Barker"]
["Ian Baker", "Ian Barke"]
["J. H. Leppink", "H. Leppink"]
["J. H. Leppink", "Willem J. H. Leppink"]
["Jacques A. Léger", "Jacques A. Leger"]
["R.GLEN AYERS", "R. Glen Ayres"]
["R.GLEN AYERS", "R. Glen Ayers"]
["R.GLEN AYERS", "R. Glen Ayers, Jr."]
["R.GLEN AYERS", "Glen Ayers"]
["Myungsuk Choi", "Sean (Myung-Suk) Choi"]
["Naqiz Shahabuddin", "Syed Naqiz Shahabuddin"]
["Naqiz Shahabuddin", "Naqiz Shahabuddin bin Syed Abdul Jabbar"]
["José Ignacio", "José Ignacio San"]
["José Ignacio", "José Ignacio San Martín"]
["Dhingra Jag", "Dhingra Jag Mohan"]
["Robert T. Pfeuffer", "ROBERT T.PFEUFFER"]
["Archibald Findlay", "Archibald Findlay SC"]
["Des Ryan", "Desmond J. Ryan"]
["Des Ryan", "Desmond J. Ryan AM"]
["Des Ryan", "Des Ryan AM"]
["Malcolm Campbell", "D. Malvolm Campbell"]
["Xue H", "Xue Hong"]
["Glen Ayers, Jr.", "R. Glen Ayres"]
["Glen Ayers, Jr.", "R. Glen Ayers"]
["Glen Ayers, Jr.", "R.GLEN AYERS"]
["Glen Ayers, Jr.", "R. Glen Ayers, Jr."]
["Louis E. Condon", "Louie E. Condon"]
["Louis E. Condon", "Louis E.Condon"]
["Theda K\u00f6nig Horowicz", "Theda K\u00f6nig"]
["Theda K\u00f6nig Horowicz", "K\u00f6nig Horowicz"]
["P. Miranda, Esq", "David P. Miranda, Esq."]
["Katlain Szamosi", "Katalin Szamosi"]
["Katlain Szamosi", "K Szamosi"]
["Ahmet Akg\u00fclo glu", "Ahmet Akg\u00fcloglu"]
["Ahmet Akg\u00fclo glu", "Ahmet Akg\u00fclo\u011flu"]
["Bernard F. Meyer-Hauser", "Berhard F. Meyer-Hauser"]
["Bernard F. Meyer-Hauser", "Bernhard F. Meyer-Hauser"]
["Bernard F. Meyer-Hauser", "B.F. Meyer-Hauser"]
["Bernard F. Meyer-Hauser", "Bernhard Meyer-Hauser Li"]
["Bernard F. Meyer-Hauser", "Herr Bernhard F. Meyer-Hauser"]
["Ralph Yachnnin", "Ralph Yacnin"]
["Ralph Yachnnin", "Ralph Yachnin"]
["Ralph Yachnnin", "Ralph Yachnin J."]
["Ralph Yachnnin", "Jude Ralph Yachnin"]
["Radim Charv\u00e1t", "Radim Charvat"]
["Q.C. Alan Limbury", "Alan L. Limbury"]
["Yulin Jerry Zhang", "Jerry Yulin Zhang"]
["Kimberly Chen Nobles", "Kimberley Chen Nobles"]
["Ho-Hyun Nahm, Esq", "Ho-Hyun Nahm, Esq.(Chair"]
["Ho-Hyun Nahm, Esq", "Ho-Hyun Nahn, Esq"]
["Ralph Yachnin J.", "Ralph Yachnin"]
["Ralph Yachnin J.", "Ralph Yachnnin"]
["Ralph Yachnin J.", "Ralph Yachniin"]
["Ralph Yachnin J.", "Jude Ralph Yachnin"]
["Ralph Yachnin J.", "Ralph Yachinin"]
["Ralph Yachnin J.", "Ralph Yachnn"]
["Ralph Yachnin J.", "Ralpah Yachnin"]
["William R. Cornish", "W R Cornish"]
["William R. Cornish", "W.R. Cornish"]
["Chaarles A. Kuechenmeister", "Charles A.Kuechenmeister"]
["Chaarles A. Kuechenmeister", "Charles A. Kuechenmeister"]
["R. Glen", "R. Glen Ayres"]
["R. Glen", "R. Glen Ayers"]
["R. Glen", "R.GLEN AYERS"]
["R. Glen", "R. Glen Ayers, Jr."]
["Clive N.A.Trotman", "Clive N.A. Trotman"]
["Ralph Gross", "Ralph Yachnin J."]
["Scott R. Austin", "Scott R."]
["Hongbo ZHONG", "Julia Hongbo ZHONG"]
["Daniel Pe\u00f1a Valenzuela", "Daniel Pe\u00f1a"]
["Maria Lopez", "Maria Alejandra Lopez G."]
["Xue Hong", "Xue H"]
["Claude Freeman", "Claude Freeman LL.M."]
["Claude Freeman", "Claudc Freeman"]
["Johnathan Agmon", "Jonathan Agmon"]
["Antonina Pakhaerenko", "Antonina Pakharenko"]
["Karl V. Fisnk", "Karl V. Fink"]
["J W Dabney", "James W. Dabney"]
["T. L. Oosterbaan", "T.L. Oosterbaan"]
["Christiane Féral", "Christiane Féral-Schuhl"]
["Christiane Féral", "Christiane Féral-Shuhl"]
["Christopher J.", "Christopher J. Pibus"]
["C. Ross Carson", "Ross Carson"]
["Bruce E. Meyeson", "Bruce E. Meyereson"]
["Bruce E. Meyeson", "Bruce E. Meyerson"]
["Gerry Davis", "Gervaise Davis"]
["Kendal C. Reed", "Kendall C. Reed"]
["Charles Kuenchenmeister", "Charles A.Kuechenmeister"]
["Barry C. E ffler", "Q.C. Barry C. Effler"]
["Barry C. E ffler", "Barry Effler LL.B.,"]
["Barry C. E ffler", "Barry C. Effier"]
["Barry C. E ffler", "Barry C. Effler"]
["Phillipe Gilli\u00e9ron", "Philippe Gilli\u00e9ron"]
["Phillipe Gilli\u00e9ron", "M. Philippe Gilli\u00e9ron"]
["G. Nitter", "Peter G. Nitter"]
["Yijun Tian", "George TIAN Yijun"]
["Derek M.", "Derek M. Minus"]
["Anna Carabelli Moon", "Anna Carabelli"]
["Kar Liang", "Kar Liang Soh"]
["Kar Liang", "Soh Kar Liang"]
["Kar Liang Soh", "Soh Kar Liang"]
["Anne M. Wallace", "M. Wallace"]
["Anne M. Wallace", "Anne M."]
["Enrique Ochoa de Gonz\u00e1lez Arg\u00fcelles", "Enrique Ochoa"]
["Enrique Ochoa de Gonz\u00e1lez Arg\u00fcelles", "Enrique Ochoa de Gonz\u00e1lez"]
["D. W. Plant", "David W. Plant"]
["D. W. Plant", "W. Plant"]
["Andr\u00e9 Pohlmann", "Andre Pohlmann"]
["H.W. Wefers Bettink", "Wefers Bettink"]
["H.W. Wefers Bettink", "Wolter Wefers Bettink"]
["Alejandro Garc\u00eda", "Alejandro Garcia"]
["Michele A.R. Bernasconi", "Michael A.R. Bernasconi"]
["Michele A.R. Bernasconi", "Herrn Michael A.R. Bernasconi"]
["Annabelle Bennett", "Annabelle Bennett SC"]
["Lynda J. Zadra-Symes", "J. Zadra-Symes"]
["Lynda J. Zadra-Symes", "Lynda J. Zadra"]
["Annabelle Bennett SC", "Annabelle Bennett"]
["Todd Dickinson", "Q. Todd Dickinson, Esq"]
["Eric Guam", "Eric Gaum"]
["Eric Guam", "R. Eric Gaum"]
["kevin Johnson", "Kevin Johnson"]
["Ahmet Akg\u00fcloglu", "Ahmet Akg\u00fclo glu"]
["Ahmet Akg\u00fcloglu", "Ahmet Akg\u00fclo\u011flu"]
["Ahmet Akg\u00fcloglu", "Ahmet Akguloglu"]
["William R. Towns", "Williams R. Towns"]
["William R. Towns", "Willam R. Towns"]
["Neil Brown Q. C.", "Neil Anthony Brown"]
["Vanja Kovacevic", "Vanja Kova\\u010devi\\u0107"]
["Elizabeth Cuddihy", "Eizabeth Cuddihy"]
["Neil Brown Q. C.", "Neil Anthony Brown Q"]
["Neil Brown Q. C.", "Neil Anthony B rown QC"]
["Antonia Ruiz", "Antonia Ruiz L\u00f3pez"]
["Antonia Ruiz", "Antonia Ruiz Lopez"]
["Joel M. Grossman", "Joel M.Grossman, Esq"]
["Scott Donahey", "M. Scott Donahey"]
["Scott Donahey", "M.Scott Donahey"]
["Scott Donahey", "Scott Don ahey"]
["Barry . Eller", "Q.C. Barry C. Effler"]
["Barry . Eller", "Barry Effler LL.B.,"]
["Barry . Eller", "Barry C. Effler C. Arb"]
["Barry . Eller", "Barry C. Effler"]
["Maria Koval", "Mariia Koval"]
["Maria Koval", "Mariya Koval"]
["Andrew Brown Q.C.", "Andrew Brown Q. C."]
["Debrett G. L", "Debrett G."]
["Debrett G. L", "Debrett G. Lyon"]
["Ashwinie Kumar Bansal", "Ashwanie Kumar Bansal"]
["Sean (Myung-Suk) Choi", "Myungsuk Choi"]
["Athur Four\u00e9", "Arthur Four\u00e9"]
["David S. Safran", "S. Safran"]
["Malte Müller", "Tobias Malte Müller"]
["Syed Naqiz Shahabuddin", "Naqiz Shahabuddin"]
["Syed Naqiz Shahabuddin", "Naqiz Shahabuddin bin Syed Abdul Jabbar"]
["Syed Naqiz Shahabuddin", "Syed Naqiz"]
["Tyrus R.", "Tyrus R. Atkinson, Jr."]
["Tyrus R.", "HON. TYRUS R. ATKINSON, JR"]
["Tyrus R.", "Tyrus R. Atkinson"]
["Tyrus R.", "Tyrus R. Atkinson, Jr.and"]
["Petter Rindforth", "Peter Rindforth"]
["Petter Rindforth", "P-E H Petter Rindforth"]
["Petter Rindforth", "Petter Rindforrth"]
["Petter Rindforth", "P-E H Petter"]
["Petter Rindforth", "Petter Rindforh"]
["J. Sergio Jorge Vega Olvera", "Sergio Jorge Vega Olvera"]
["W R Cornish", "William R. Cornish"]
["W R Cornish", "W.R. Cornish"]
["Jeffrey M.", "Jeffrey M. Samuels"]
["Katalin Szamosi", "Katlain Szamosi"]
["Thomas L. Creel", "T. Creel"]
["Jean Claude Petillion", "Jan Claude Petillion"]
["Jean Claude Petillion", "J.C. Petillion"]
["Anne-Virginie La Spada", "Anne-Virginie La Spada-Gaide"]
["Anne-Virginie La Spada", "Anne-Virginie La"]
["Laura Martin-Gamero Schmidt", "Laura Martin-Gamero Schmidt"]
["Martin Schwimmer", "Marty Schwimmer"]
["Otakar \u0160vor\u010d\u00edk", "Otakar Svorcik"]
["Carolina Pina-S\u00e1nchez", "Carolina Pina"]
["Douglas M. Isenberg", "Paneland Douglas M. Isenberg"]
["Douglas M. Isenberg", "Doug Isenberg"]
["Douglas M. Isenberg", "Douglas M. Is enberg"]
["Didier Deneuter", "M. Didier Deneuter"]
["Gerald M.", "Gerald M. Levine"]
["Hyun Nahm, Esq", "Ho-Hyun Nahm, Esq"]
["Hyun Nahm, Esq", "Ho-Hyun Nahm, Esq.(Chair"]
["Hyun Nahm, Esq", "Ho -Hyun Nam(Presiding"]
["Tee Jim Tan S.C.", "Tee Jim Tan"]
["Tee Jim Tan S.C.", "Tan Tee Jim"]
["Roger P.", "Roger P. Kerans"]
["E. Sorkin", "David E. Sorkin"]
["Ingrida Karina-Berzina", "Ingrida KariŅa-BĒrziŅa"]
["Andrew Frederick", "Andrew F."]
["-Bernard Buchman", "Louis-Bernard Buchman"]
["-Bernard Buchman", "Lois-Bernard Buchman"]
["W. Scott Blacker", "W. Scott Blackmer"]
["Colin T. O\u2019Brien", "Colin T."]
["Neil Anthony Brown", "N A Brown"]
["Neil Anthony Brown", "The Honhourable Neil Anthony Brown"]
["Neil Anthony Brown", "Neil Brown Q. C."]
["Neil Anthony Brown", "Anthony Brown"]
["Neil Anthony Brown", "Neil Anthony Brow QC"]
["Neil Anthony Brown", "Neil Anthony B rown QC"]
["Neil Anthony Brown", "NeilAnthony Brown"]
["Neil Anthony Brown", "Meil Anthony Brown"]
["Neil Anthony Brown", "Nell Anthony Brown"]
["Alejandro Garcia", "Alejandro Garc\u00eda"]
["Tom Arnold", "T. Arnold"]
["Delia-Mihaela Belciu", "Mihaela Belciu"]
["Anthony Brown", "Neil Anthony Brown"]
["Anthony Brown", "Antony Brown QC"]
["Anthony Brown", "Meil Anthony Brown"]
["Anthony Brown", "Nell Anthony Brown"]
["Anthony Brown", "Neil Anthony B rown QC"]
["Anthony Brown", "Neil Anthony Brow QC"]
["Neil Brown QCPanelist", "The Honhourable Neil Anthony Brown"]
["Neil Brown QCPanelist", "Neil Anthony Brown"]
["Neil Brown QCPanelist", "Neil Brown Q. C."]
["Neil Brown QCPanelist", "Neil Anthony B rown QC"]
["Neil Brown QCPanelist", "NeilAnthony Brown"]
["Maxim H. W aldbaum", "Maxim H. Waldbaum"]
["beth Cuddihy", "Elizabeth Cuddihy"]
["beth Cuddihy", "Eizabeth Cuddihy"]
["beth Cuddihy", "Elizabet h Cuddihy"]
["Kimberley Chen Nobles", "Kimberly Chen Nobles"]
["Thomas Manson", "Thonras Manson"]
["Thomas Manson", "Thomas M anson"]
["P-E H Petter Rindforth", "Peter Rindforth"]
["P-E H Petter Rindforth", "Petter Rindforth"]
["P-E H Petter Rindforth", "Petter Rindforrth"]
["P-E H Petter Rindforth", "Petter Rindforh"]
["Francisco Espinosa Reboa", "Francisco Espinosa Reboa"]
["Cédric Manara", "Cedric Manara"]
["Daniel Pe\u00f1a", "Daniel Pe\u00f1a Valenzuela"]
["Austin Amissah Frederick Mostert", "Frederick Mostert"]
["Q.C. Barry C. Effler", "Barry C. Effler"]
["Q.C. Barry C. Effler", "Barry C. Effler C. Arb"]
["Ingrida Karina", "Ingrida Karina-Berzina"]
["Ingrida Karina", "Ingrida Kari\u0146a"]
["Claude Petillion", "Jan Claude Petillion"]
["Claude Petillion", "J.C. Petillion"]
["R.G. Ayers", "R. Glen Ayers"]
["R.G. Ayers", "R.GLEN AYERS"]
["R.G. Ayers", "R. Glen Ayers, Jr."]
["Willem J. H. Leppink", "J. H. Leppink"]
["Willem J. H. Leppink", "H. Leppink"]
["Willem J. H. Leppink", "Willem J. H."]
["Barry Forbes", "Barry C. Effler"]
["Vanja Kova\u010devi\u0107", "Vanja Kovacevic"]
["M. Philippe Gilli\u00e9ron", "Philippe Gilli\u00e9ron"]
["Lorelei Ritchie de", "Lorelei Ritchie"]
["Richard D. Rosenbloom J.", "Richard D. Rosenbloom"]
["W. Scott", "W. Scott Blacker"]
["W. Scott", "W. Scott Blackmer"]
["Brian O\u2019Connor", "Bruce E. O'Connor"]
["David W. Plant", "D. W. Plant"]
["D. Mart\u00edn Michaus", "Martin Michaus Romero"]
["D. Mart\u00edn Michaus", "Mart\u00edn Michaus Romero"]
["D. Mart\u00edn Michaus", "Mart\u00edn Michaus"]
["Moshe Cohen", "M. Cohen"]
["Ingrīda Kariņa-Berziņa", "Ingrida Kariņa-Bērziņa"]
["B. Banks", "B. Banks, Jr."]
["Ian Barker", "Ian Barke"]
["Daniel Banks", "Daniel B. Banks, Jr."]
["Marilena Comanescu", "Marilena Comănescu"]
["Tee Jim Tan", "Tee Jim Tan S.C."]
["Tee Jim Tan", "Tan Tee Jim"]
["Steve Black", "Steve M. Levy, Esq."]
["D. Luis H. de Larramendi", "Luis H. de Larramendi"]
["D. Luis H. de Larramendi", "H. de Larramendi"]
["Ezgi Baklaci", "Ezgi Baklac\u0131"]
["Ezgi Baklaci", "Ezgi Baklac\u0131 G\u00fclkokar"]
["Will Hill Tankersley", "Will Hill Tankersley Jr."]
["Mario Soerensen", "Mario Soerensen Garcia"]
["Clive Elliott Q.C.as", "Clive Elliot"]
["Clive Elliott Q.C.as", "Clive L. Elliott"]
["Clive Elliott Q.C.as", "Clive L.Elliott"]
["Clive Elliott Q.C.as", "Clive L. Ellliott"]
["Clive Elliott Q.C.as", "Clive Eliott"]
["Clive Elliott Q.C.as", "C. Elliott"]
["Bernhard F. Meyer-Hauser", "Berhard F. Meyer-Hauser"]
["Bernhard F. Meyer-Hauser", "Bernard F. Meyer-Hauser"]
["Bernhard F. Meyer-Hauser", "B.F. Meyer-Hauser"]
["Bernhard F. Meyer-Hauser", "Bernhard Meyer-Hauser Li"]
["Bernhard F. Meyer-Hauser", "Herr Bernhard F. Meyer-Hauser"]
["Jeffrey M. Samuels", "Jeffery M. Samuels"]
["Jeffrey M. Samuels", "Jeffrey M. Samuels G. Gervaise Davis, III"]
["Jeffrey M. Samuels", "Jeff Samuels, Esq"]
["Jeffrey M. Samuels", "Jeffrey Samuels G Gervaise Davis"]
["R. Austin", "Scott R. Austin"]
["J. Bridgeman", "James Bridgeman SC"]
["J. Bridgeman", "James Bridgeman"]
["A. N. E. Amissah", "Austin Amissah"]
["Dennis A. Foster", "Dennis A."]
["Barry Effler LL.B.,", "Barry C. E ffler"]
["Barry Effler LL.B.,", "Barry . Eller"]
["Barry Effler LL.B.,", "Q.C. Barry C. Effler"]
["Barry Effler LL.B.,", "Barry C. Effler C. Arb"]
["Barry Effler LL.B.,", "Barry C. Effler"]
["Jaime Delgado", "Jaime Delgdo"]
["Dianne Cabell", "Diane Cabell"]
["Dianne Cabell", "DianeThilly Cabell"]
["Christopher J. Pibus", "Chris Pibus"]
["Christopher J. Pibus", "Christopher J."]
["Tyrsu R. Atkinson, Jr.", "Tyruss R. Atkinson, Jr."]
["Tyrsu R. Atkinson, Jr.", "Tyrus R. Atkinson, Jr."]
["Tyrsu R. Atkinson, Jr.", "HON. TYRUS R. ATKINSON, JR"]
["Tyrsu R. Atkinson, Jr.", "Tyrus R. Atkinson, Jr.and"]
["Andrew Brown Q. C.", "Andrew Brown Q.C."]
["Andrew Brown Q. C.", "Andrew Brown Q."]
["Anna Carabell", "Anna Carabelli"]
["Wefers Bettink", "H.W. Wefers Bettink"]
["Wefers Bettink", "Wolter Wefers Bettink"]
["Frederick M.", "Frederick Mostert"]
["D. Malvolm Campbell", "Malcolm Campbell"]
["Houston Putnam", "Houston Putnam Lowry"]
["Maxim H. Waldbaum", "Maxim H. W aldbaum"]
["Francine Tan", "Francine Tan Siew Ling"]
["Gary J. Nelson", "J. Nelson"]
["K. Nodine", "Lawrence K. Nodine"]
["Bruce Myerson", "Bruce E. Meyerson"]
["Mihaela Belciu", "Delia-Mihaela Belciu"]
["Mario Soerensen Garcia", "Mario Soerensen"]
["Mario Soerensen Garcia", "Soerensen Garcia"]
["Roger P. Kerans FCIArb", "R.P. Kerans"]
["Roger P. Kerans FCIArb", "R. P. Kerans"]
["Roger P. Kerans FCIArb", "Roger P. Kerans"]
["Christiane F\u00e9ral-Shuhl", "Christiane F\u00e9ral-Schuhl"]
["Andre Pohlmann", "Andr\u00e9 Pohlmann"]
["Darryl C. Wilson", "Darryl C.Wilson"]
["David E. Sorkin", "David E.Sorkin"]
["Nicolas Ulmer", "M Nicolas Ulmer"]
["Warwick A. Rothnie", "Warwick A.Rothnie"]
["Warwick A. Rothnie", "Warwick A. Rothine"]
["Phillip V. Marano", "Philip V. Marano"]
["William A. Van Caenegem", "W. Van Caenegem"]
["William A. Van Caenegem", "Wiliam A. Van Caenegem"]
["William A. Van Caenegem", "WiIliam A. Van Caenegem"]
["William A. Van Caenegem", "A. Van Caenegem"]
["Isimtescil Bilişim A.Ş.", "Isimtescil Bilisim A.S."]
["Meera Chature Sankhari", "Meera Chature"]
["Clark W. LackertNeil A. Smith", "Neil A. Smith"]
["Michael Erdle C.Arb", "Michael Erdle"]
["H. Bernstein", "David H. Bernstein"]
["Clive L.", "Clive L. Elliott"]
["Scott Don", "M. Scott Donahey"]
["Scott Don", "Scott Donahey"]
["Debrett G.", "Debrett G. L"]
["Debrett G.", "Debrett G. Lyons"]
["Debrett G.", "Lyons Debrett G."]
["Debrett G.", "Debrett G. Lyon"]
["Barry C. Effler C. Arb", "Barry C. E ffler"]
["Barry C. Effler C. Arb", "Barry . Eller"]
["Barry C. Effler C. Arb", "Q.C. Barry C. Effler"]
["Barry C. Effler C. Arb", "Barry Effler LL.B.,"]
["Barry C. Effler C. Arb", "Barry C. Effier"]
["Barry C. Effler C. Arb", "Barry C. Effler"]
["Charn\u00e9 Le", "Charn\u00e9 Le Roux"]
["LESLIE E. MAEROV", "Leslie E."]
["Radim Charvat", "Radim Charv\u00e1t"]
["Clive L. Elliott", "Clive Elliot"]
["Clive L. Elliott", "Clive Elliott Q.C.as"]
["Clive L. Elliott", "Clive L."]
["Clive L. Elliott", "Clive L.Elliott"]
["Clive L. Elliott", "Clive L. Ellliott"]
["Clive L. Elliott", "Clive Eliott"]
["Clive L. Elliott", "C. Elliott"]
["W. Van Caenegem", "William A. Van Caenegem"]
["W. Van Caenegem", "Wiliam A. Van Caenegem"]
["W. Van Caenegem", "WiIliam A. Van Caenegem"]
["W. Van Caenegem", "Van Caenegem"]
["Eduardo Fernandez", "Eduardo Fern\u00e1ndez"]
["Tan Tee", "Tan Tee Jim"]
["P. Jay", "P. Jay Hines"]
["P. Jay", "Jay Hines"]
["Daniel Beraca Visel", "Daniel R. Bereskin"]
["Daniel Beraca Visel", "Daniel B. Banks, Jr."]
["Angel Garc\u00eda Vidal", "\u00c1ngel Garc\u00eda Vidal"]
["Angel Garc\u00eda Vidal", "\u00c1ngel Garc\u00eda"]
["Edward C. Chiasson", "Edward C."]
["Edward C. Chiasson", "Edward C. Chiassson"]
["Sally M. Abel", "Sally M."]
["B A Solomon", "Barbara A. Solomon"]
["Claudc Freeman", "Claude Freeman LL.M."]
["Claudc Freeman", "Claude Freeman"]
["James A.Crary", "Jaqmes A. Crary"]
["James A.Crary", "Jame A. Crary"]
["James A.Crary", "Jams Alan Crary"]
["James A.Crary", "James A. Crary"]
["Jose Checa", "José M. Checa"]
["Merton Thompson", "Roderick M. Thompson"]
["Jame A. Crary", "James A. Crary"]
["Susanna H.S. Leong(br)Sole", "Susanna H.S. Leong"]
["Udo Pfleghar", "Rechtsanwalt Udo Pfleghar"]
["Jacques A. Leger", "Jacques A. L\u00e9ger"]
["Mariia Koval", "Maria Koval"]
["Mariia Koval", "Mariya Koval"]
["Matthew S. Harr", "Matthew S. Harris"]
["Barry C. Effier", "Barry C. Effler"]
["Barry C. Effier", "Q.C. Barry C. Effler"]
["Barry C. Effier", "Barry C. Effler C. Arb"]
["Barry C. Effier", "Barry Effler LL.B.,"]
["Daniel B. Banks, Jr.", "Daniel Banks"]
["Daniel B. Banks, Jr.", "B. Banks, Jr."]
["\u00c1ngel Garc\u00eda", "\u00c1ngel Garc\u00eda Vidal"]
["Abid Kabadi", "M. Abid Kabadi"]
["Carolina Pina", "Carolina Pina-S\u00e1nchez"]
["Edward C. Chiassson", "Edward C. Chiasson"]
["G.Gervaise Davis III", "G. Gervaise Davis III"]
["G.Gervaise Davis III", "G.Gervaise Davis"]
["G.Gervaise Davis III", "Gervaise Davis"]
["G.Gervaise Davis III", "Gervaise Davis III"]
["G.Gervaise Davis III", "G. Gervaise Davis"]
["Matthew Murphy", "Mathew Murphy"]
["Matthew Murphy", "Matt hew Murphy"]
["Halvor Manshaus", "Halvor Manshuas"]
["Herrn Thomas Legler", "Thomas Legler"]
["Luis H. de Larramendi de Experto", "D. Luis H. de Larramendi"]
["Luis H. de Larramendi de Experto", "Luis H. de Larramendi"]
["Ugur G. Yal\u00e7iner", "Ugur G. Yal\u00e7\u0131ner"]
["Ugur G. Yal\u00e7iner", "Ugur G. Yalciner"]
["Ugur G. Yal\u00e7iner", "G. Yal\u00e7iner"]
["Simone Lahorgue Nunes", "Simone Lahorgue"]
["Williams R. Towns", "William R. Towns"]
["Williams R. Towns", "Willam R. Towns"]
["J onathan Agmon", "Jonathan Agmon"]
["J onathan Agmon", "Johnathan Agmon"]
["Reynaldo Urtiaga", "Reynaldo Urtiaga Escobar"]
["Lynda J. Zadra", "Lynda J. Zadra-Symes"]
["M. Scott Donehey", "Scott Donahey"]
["M. Scott Donehey", "M.Scott Donahey"]
["M. Scott Donehey", "Scott Don ahey"]
["Warwick A. Rothine", "Warwick A. Rothnie"]
["Ingrida Kari\u0146a-B\u0113rzi\u0146a", "Ingr\u012bda Kari\u0146a-B\u0113rzi\u0146a"]
["Ingrida Kari\u0146a-B\u0113rzi\u0146a", "Ingrida Karina-Berzina"]
["Ingrida Kari\u0146a-B\u0113rzi\u0146a", "Ingr\u012bda Kari\u0146a-Berzi\u0146a"]
["Carol Stoner, Esq.", "Carol M.Stoner, Esq"]
["George Tian", "George TIAN Yijun"]
["Alberto Agustinoy Guilayn", "D. Albert Agustinoy Guilayn"]
["Alberto Agustinoy Guilayn", "Albert Agustinoy Guilayn"]
["William Lye", "William Lye OAM KC"]
["Linda M.Byne", "Linda M. Byrne"]
["Jos\u00e9 Carlos Erdoza\u00edn", "Jose Carlos Erdozain"]
["Jos\u00e9 Carlos Erdoza\u00edn", "Jos\u00e9 Carlos Erdozain"]
["Patrick J. Hines", "P. Jay Hines"]
["Clive L.Elliott", "Clive L."]
["Clive L.Elliott", "Clive L. Elliott"]
["Clive L.Elliott", "Clive L. Ellliott"]
["Clive L.Elliott", "Clive Eliott"]
["Debra J. Stanek", "Debra J."]
["Neil Anthony KC", "The Honhourable Neil Anthony Brown"]
["Neil Anthony KC", "Neil Anthony Brown"]
["Neil Anthony KC", "Neil Anthony Brow QC"]
["Neil Anthony KC", "Neil Anthony Brown Q"]
["Neil Anthony KC", "Neil Anthony B rown QC"]
["Neil Anthony KC", "Meil Anthony Brown"]
["Neil Anthony KC", "Nell Anthony Brown"]
["D. Dar\u00edo Fern\u00e1ndez de Villavicencio", "Dar\u00edo Fern\u00e1ndez"]
["Marie-Emmanuelle Haas", "Marie-Emmanuelle Haas Avocat"]
["Marie-Emmanuelle Haas", "Marie-Emmanuelle HASS"]
["Denis Sauve", "Denis Sauv\u00e9"]
["Edorado Fano", "Edoardo Fano"]
["E. Condon", "Louis E. Condon"]
["E. Condon", "Louisa E. Condon"]
["E. Condon", "Louie E. Condon"]
["E. Condon", "Louis E.Condon"]
["Stefan Vorndarn", "Stefan Vorndran"]
["Luz Helena Villamil J.", "Luz Helena Villamil"]
["Luz Helena Villamil J.", "Luz Helena Villamil Jiménez"]
["Luz Helena Villamil J.", "Luz Helena Villamil Jimenez"]
["Henrik af Ursin", "Nils Jan Henrik af Ursin"]
["G\u00e9rald Page", "Gerald Page"]
["Mart\u00edn Michaus Romero", "Martin Michaus Romero"]
["-Emmanuelle Haas", "Marie-Emmanuelle Haas Avocat"]
["-Emmanuelle Haas", "Marie-Emmanuelle Haas"]
["-Emmanuelle Haas", "Marie-Emmanuelle HASS"]
["David H. Bernstein", "David H.Bernstein"]
["Jeffrey Elkinson", "Jeffery Elkinson"]
["M. Levy, Esq", "Steven M. Levy, Esq."]
["M. Levy, Esq", "Steve M. Levy, Esq."]
["Mart\u00edn Michaus Romero", "D. Mart\u00edn Michaus"]
["Linda M. Byrne", "Linda M.Byne"]
["Francois Dessemontet", "Fran\u00e7ois Dessemontet"]
["Manuel Moreno-Torrres", "Manuel Moreno"]
["Manuel Moreno-Torrres", "Manuel Moreno-Torres Experto"]
["Manuel Moreno-Torrres", "Manuel Moreno-Torres"]
["Christophe Caron", "Christop he Caron"]
["Sandra J. Frankin", "Sandra J. Franklinas"]
["Sandra J. Frankin", "Sandra J. Fraknlin"]
["Sandra J. Frankin", "Sandra J. Frankllin"]
["Sandra J. Frankin", "Sandra J. Franklin"]
["Lorelei Ritchie", "Lorelei Ritchie De Larena"]
["Lorelei Ritchie", "Lorelei Ritchie de"]
["T. Arnold", "Tom Arnold"]
["Kenneth L.Port", "Kenneth L. Port"]
["Jaime Delgdo", "Jaime Delgado"]
["Luis Miguel Beneyto Garcia", "Luis Miguel Beneyto Garcia-Reyes"]
["Luis Miguel Beneyto Garcia", "Luis Miguel Beneyto García"]
["Luis Miguel Beneyto Garcia", "Luis Miguel Beneyto"]
["Jeffrey N. Mausner", "Jeffrey M."]
["Luis H. de", "D. Luis H. de Larramendi"]
["Luis H. de", "Luis H. de Larramendi"]
["Luis H. de", "Luis H. de Larramendi de Experto"]
["Clive Duncan", "Clive Duncan Thorne"]
["Eduardo Fern\u00e1ndez", "Eduardo Fernandez"]
["De. Beatrice Onica", "Beatrice Onica"]
["Tommaso La", "Tommaso La Scala"]
["M. Abbott", "Frederick M. Abbott"]
["M. Abbott", "F M Abbott"]
["M. Abbott", "F.M. Abbott"]
["Joan Clark O.C.", "Joan Clark"]
["Joan Clark", "Joan Clark O.C."]
["Jos\u00e9 Ignacio San", "Jos\u00e9 Ignacio"]
["Jos\u00e9 Ignacio San", "Jos\u00e9 Ignacio San Mart\u00edn"]
["W.R. Cornish", "William R. Cornish"]
["W.R. Cornish", "W R Cornish"]
["Miguel B. O", "Miguel B. O\u2019Farell"]
["Miguel B. O", "Miguel B. O\u2019Farrell"]
["Miguel B. O", "Miguel B. O\u2019Farrell como"]
["IRVING H. PERUSS", "Irving H. Perluss"]
["Desmond Jordan", "Desmond J. Ryan"]
["Desmond Jordan", "Desmond J. Ryan AM"]
["A. Justin Ourso", "Justin Ourso"]
["Dhingra Jag Mohan", "Dhingra Jag"]
["Beatrice Onica Jarka", "Beatrice Onica"]
["Beatrice Onica Jarka", "Beatrice OnicaJarka"]
["Alistair Payne", "Alistair PaynePresiding"]
["Cherise Valles", "Cheris e Valles"]
["Cherise Valles", "Cherise VallesSole"]
["Melvyn J. Sinrburg", "Melvyn J. Simburg"]
["Enrique Ochoa", "Enrique Ochoa de González Argüelles"]
["Benoit THIERCELIN", "M. Benoit THIERCELIN"]
["Carolyn Marks", "Carolyn Marks Johnson"]
["Darryl C.Wilson", "Darryl C. Wilson"]
["Willem J.H.", "Willem J. H."]
["Avv.MASSIMO CIMOLI", "Massimo Cimoli"]
["Jacques de", "Jacques de Werra"]
["Donald Jamieson", "D. Donald Jamieson"]
["Ugur G. Yal\u00e7\u0131ner", "Ugur G. Yal\u00e7iner"]
["Ugur G. Yal\u00e7\u0131ner", "U\u011fur G. Yal\u00e7\u0131ner"]
["Ugur G. Yal\u00e7\u0131ner", "Ugur G. Yalciner"]
["Ugur G. Yal\u00e7\u0131ner", "Ugur G."]
["J. Nelson Landry", "Nelson Landry"]
["Steve M. Levy, Esq.", "Steven M. Levy, Esq."]
["Neil Anthony Brow QC", "The Honhourable Neil Anthony Brown"]
["Neil Anthony Brow QC", "Neil Brown Q. C."]
["Neil Anthony Brow QC", "Neil Anthony Brown"]
["Neil Anthony Brow QC", "Neil Brown QCPanelist"]
["Neil Anthony Brow QC", "Neil Anthony Brown Q"]
["Neil Anthony Brow QC", "Neil Anthony B rown QC"]
["Neil Anthony Brow QC", "Meil Anthony Brown"]
["Neil Anthony Brow QC", "Nell Anthony Brown"]
["Debra J.", "Debra J. Stanek"]
["Haig OghigianSole", "Haig Oghigian"]
["Maria Alejandra Lopez G.", "Maria Lopez"]
["Maria Alejandra Lopez G.", "María Alejandra"]
["Neil Anthony Brow QC", "Antony Brown QC"]
["Maria Alejandra Lopez G.", "María Alejandra López"]
["Maria Alejandra Lopez G.", "María Alejandra López G."]
["Maria Alejandra Lopez G.", "María Alejandra López García"]
["David M. Kelly", "M. Kelly"]
["C. Reed", "Kendall C. Reed"]
["C. Reed", "Kendal C. Reed"]
["Etienne W\u00e9ry", "Etienne Wery"]
["A. Michael Froomkin", "Michael Froomkin"]
["Luis Miguel Beneyto Garc\u00eda", "Luis Miguel Beneyto Garcia"]
["Luis Miguel Beneyto García", "Luis Miguel Beneyto"]
["Ahmet Akgüloğlu", "Ahmet Akgüloglu"]
["Ahmet Akgüloğlu", "Ahmet Akguloglu"]
["Ralph Yachni", "Ralph Yachnin"]
["Ralph Yachni", "Ralph Yachnnin"]
["Ralph Yachni", "Ralph Yachninn"]
["M.Scott Donahey", "M. Scott Donahey"]
["M.Scott Donahey", "Scott Donahey"]
["M.Scott Donahey", "M. Scott"]
["M.Scott Donahey", "M. Scott Donehey"]
["M.Scott Donahey", "Scott Don ahey"]
["Alan L. Lim", "Alan L. Limbury"]
["G.Gervaise Davis", "G. Gervaise Davis III"]
["G.Gervaise Davis", "G.Gervaise Davis III"]
["G.Gervaise Davis", "Gervaise Davis"]
["G.Gervaise Davis", "Gervaise Davis III"]
["G.Gervaise Davis", "G. Gervaise Davis"]
["Gabrie l F. Leonardos", "Gabriel F. Leonardos"]
["Andrew D. S.", "Andrew D. S. Lothian"]
["Andrew D. S.", "Andrew D."]
["Andrew D. S.", "Andrew D.S."]
["Keith Malley", "Keith Gymer"]
["Mathew S. Harris", "Matthew S. Harris"]
["Ignacio San Martín Santamaría", "Ignacio San Martín"]
["Ignacio San Martín Santamaría", "José Ignacio San Martín Santamaría"]
["Chan-Mo Chung", "Chanmo Chung"]
["Jos\u00e9 de Pierola", "Jos\u00e9 de Pi\u00e9rola"]
["J. Upchurch", "John J.Upchurch"]
["J. Upchurch", ".John Upchurch J. ("]
["J. Upchurch", "John J. Upchurch"]
["Carlos Erdozain", "José Carlos Erdozain de Experto"]
["Carlos Erdozain", "José Carlos Erdozaín"]
["Carlos Erdozain", "Jose Carlos Erdozain"]
["Carlos Erdozain", "José Carlos Erdozain"]
["Daithi Mac Sithigh", "Daith\u00ed Mac S\u00edthigh"]
["R. Glen Ayers, Jr.", "R. Glen Ayres"]
["R. Glen Ayers, Jr.", "R. Glen Ayers"]
["R. Glen Ayers, Jr.", "R.GLEN AYERS"]
["R. Glen Ayers, Jr.", "Glen Ayers, Jr."]
["R. Glen Ayers, Jr.", "R. Glen"]
["R. Glen Ayers, Jr.", "Glen Ayers"]
["Ashwanie Kumar Bansal", "Ashwanie Kumar"]
["Ashwanie Kumar Bansal", "Ashwinie Kumar Bansal"]
["D. J. Ryan", "Desmond J. Ryan"]
["D. J. Ryan", "D.J. Ryan"]
["D. J. Ryan", "D. J. Ryan AM"]
["Roger Duquesne", "Roger P. Kerans"]
["D. Alberto de Elzaburu", "Alberto de Elzaburu"]
["D. Alberto de Elzaburu", "Alberto de Elzaburu M\u00e1rquez"]
["Gary Wayne Tucker", "Wayne Tucker"]
["Michael Hwang S.C", "Michael Hwang S. C"]
["Michael Hwang S.C", "Michael Hwang"]
["Nick J. Gardner", "N. J. Gardner"]
["Barbora Donathova", "Barbora Donathov\u00e1"]
["Mar\u00eda Alejandra", "Mar\u00eda Alejandra L\u00f3pez"]
["Ralph Yachin", "Ralph Yacnin"]
["Ralph Yachin", "Ralph Yachnin"]
["Ralph Yachin", "Ralph Yachnin J."]
["Etienne Wery", "Etienne W\u00e9ry"]
["Tjeerd F.W. Overdijk benoemd", "Tjeerd F.W. Overdijk"]
["D. Donald Jamieson", "Donald Jamieson"]
["Mayer Gabay Frederick Mostert", "Frederick Mostert"]
["William M. Ried", "William R."]
["Sebastian Matthew White", "Sebastian M.W."]
["Sebastian Matthew White", "Sebastian M W"]
["Manuel Moreno", "Manuel Moreno-Torrres"]
["Manuel Moreno", "Manuel Moreno-Torres Experto"]
["Manuel Moreno", "Manuel Moreno-Torres"]
["H\u00e9ctor Ariel", "H\u00e9ctor Ariel Manoff"]
["H\u00e9ctor Ariel", "Hector Ariel Manoff"]
["Archibald Findlay SC", "Archibald Findlay"]
["Clive Duncan Thorne", "Duncan Thorne"]
["B.F. Meyer-Hauser", "Bernard F. Meyer-Hauser"]
["B.F. Meyer-Hauser", "Bernhard F. Meyer-Hauser"]
["B.F. Meyer-Hauser", "Herr Bernhard F. Meyer-Hauser"]
["HON. H. CURTIS MEANOR", "H. Curtis Meanor"]
["HON. H. CURTIS MEANOR", "H.Curtis Meanor"]
["DianeThilly Cabell", "Diane Cabell"]
["W. A. Derry Millar", "W.A. Derry Millar"]
["W. A. Derry Millar", "Derry Millar"]
["Gervaise Davis", "G. Gervaise Davis III"]
["Gervaise Davis", "G.Gervaise Davis III"]
["Gervaise Davis", "G.Gervaise Davis"]
["Gervaise Davis", "Gervaise Davis III"]
["Gervaise Davis", "G. Gervaise Davis"]
["David E.Sorkin", "David E. Sorkin"]
["Mathew Murphy", "Matthew Murphy"]
["Jerry Kaufman", "Jerry Yulilr"]
["H. Perluss", "Irvin H. Perluss"]
["H. Perluss", "Irving H. Perluss"]
["Mark Brooks", "Mark Brook"]
["Mark Brooks", "Mark Brooks"]
["Dae-Hee Lee", "Daehee Lee"]
["P.L. Reeskamp", "Paul L. Reeskamp"]
["Christian Gassauer-Fleissner", "Christian Gassauer"]
["Avvocato Pierfrancesco Carmine", "Avvocato Pierfrancesco Carmine Fasano"]
["Harold Kaline", "Harold Kalina"]
["Helena Villamil", "Luz Helena Villamil"]
["Helena Villamil", "Luz Helena Villamil Jiménez"]
["Helena Villamil", "Helena Villamil Jimenez"]
["Helena Villamil", "Luz Helena Villamil Jimenez"]
["Petter Rindforrth", "Petter Rindforth"]
["Petter Rindforrth", "Petter Rindforh"]
["Howard C. Buschman", "Howard C. Buschman III"]
["Francine Tan Siew Ling", "Francine Tan"]
["A. Justin Ourso III", "A. Justin Ourso"]
["A. Justin Ourso III", "Justin Ourso"]
["Naqiz Shahabuddin bin Syed Abdul Jabbar", "Naqiz Shahabuddin"]
["Naqiz Shahabuddin bin Syed Abdul Jabbar", "Syed Naqiz Shahabuddin"]
["Bernhard Meyer-Hauser Li", "Bernhard F. Meyer-Hauser"]
["Bernhard Meyer-Hauser Li", "Herr Bernhard F. Meyer-Hauser"]
["MAZINI Abderrazzak", "Mazini Abderrazak"]
["Herr Bernhard F. Meyer-Hauser", "Bernhard F. Meyer-Hauser"]
["Herr Bernhard F. Meyer-Hauser", "Bernard F. Meyer-Hauser"]
["Herr Bernhard F. Meyer-Hauser", "B.F. Meyer-Hauser"]
["Herr Bernhard F. Meyer-Hauser", "Bernhard Meyer-Hauser Li"]
["D. O\u2019Leary", "Timothy D. O\u2019Leary"]
["M. Geert Glas", "Geert Glas"]
["Ezgi Baklac\u0131", "Ezgi Baklaci"]
["Ezgi Baklac\u0131", "Ezgi Baklac\u0131 G\u00fclkokar"]
["Ho-Hyun Nahm, Esq.(Chair", "Ho-Hyun Nahm, Esq"]
["Reyes Campello", "Reyes Campello Estebaranz"]
["Marie-Emmanuelle HASS", "Marie-Emmanuelle Haas Avocat"]
["Marie-Emmanuelle HASS", "Marie-Emmanuelle Haas"]
["Clive L. Ellliott", "Clive L. Elliott"]
["Clive L. Ellliott", "Clive L.Elliott"]
["Jonathan Agmon", "Johnathan Agmon"]
["Jonathan Agmon", "J onathan Agmon"]
["Enrique Ochoa de González", "Enrique Ochoa"]
["Charles A. Kuecheneisster", "Charles A. Kuechenmeister"]
["Charles A. Kuecheneisster", "Charles A.Kuechenmeister"]
["Arthur Fouré", "Athur Fouré"]
["J.E. Redmond Q.C.", "James E. Redmond"]
["Wilson Pinheiro Jabu", "Wilson Pinheiro Jabur"]
["Carrie Shu Sheng", "Carrie Shu"]
["Lynda M. Braun", "Linda M. Braun"]
["M. Abid Kabadi", "Abid Kabadi"]
["Martin Michaus Romero", "Martín Michaus Romero"]
["Martín Michaus Romero", "Martín Michaus"]
["Gilberto Martins", "Gilberto Martins de Almeida"]
["Christiane Féral-Schuhl", "Christiane Féral"]
["Christiane Féral-Schuhl", "Christiane Féral-Shuhl"]
["Agustinoy Guilayn", "D. Albert Agustinoy Guilayn"]
["Agustinoy Guilayn", "Albert Agustinoy Guilayn"]
["H. Curtis Meanor", "HON. H. CURTIS MEANOR"]
["H. Curtis Meanor", "H.Curtis Meanor"]
["Robert A. Fashler", "R.A. Fashler"]
["Syed Naqiz", "Syed Naqiz Shahabuddin"]
["Daithí Mac Síthigh", "Daithi Mac Sithigh"]
["Dean Henry H. Perritt Jr.", "Henry H. Perritt, Jr."]
["Wolter Wefers Bettink", "Wolter Wefers"]
["Wolter Wefers Bettink", "H.W. Wefers Bettink"]
["Wolter Wefers Bettink", "Wefers Bettink"]
["Warwick A.", "Warwick A. Rothnie"]
["Carlos Rodr\u00edguez", "Carlos Rodriguez"]
["Gervaise Davis III", "G. Gervaise Davis III"]
["Gervaise Davis III", "G.Gervaise Davis III"]
["Alberto de Elzaburu M\u00e1rquez", "Alberto de Elzaburu"]
["Alberto de Elzaburu M\u00e1rquez", "D. Alberto de Elzaburu"]
["María Alejandra López G.", "Maria Alejandra Lopez G."]
["Tyrud R. Atkinson, Jr.", "Tyruss R. Atkinson, Jr."]
["Tyrud R. Atkinson, Jr.", "Tyrus R. Atkinson, Jr."]
["Ada L. Redondo Aguilera", "Ada L. Redondo"]
["Young-Hill Liew", "YoungHill Liew"]
["A. Diaz", "Nelson A. Diaz"]
["U\u011fur G. Yal\u00e7\u0131ner", "Ugur G. Yal\u00e7\u0131ner"]
["U\u011fur G. Yal\u00e7\u0131ner", "U\u011fur G. Yalciner"]
["Anne M.", "Anne M. Wallace"]
["Halvor Manshuas", "Halvor Manshaus"]
["Sozos-Christos Theodoulou", "Christos A. Theodoulou"]
["Keith Gyme", "Keith F.Gymer"]
["Keith Gyme", "Keith Gymer"]
["Jos\u00e9 Pio Tamassia", "Jos\u00e9 Pio Tamassia Santos"]
["Jos\u00e9 Pio Tamassia", "Jos\u00e9 Pio"]
["Jos\u00e9 Pio Tamassia", "Jose Pio Tamassia"]
["F M Abbott", "Frederick M. Abbott"]
["F M Abbott", "F.M. Abbott"]
["Paul M. DeCicco", "Paul M. DeCiccco"]
["Paul M. DeCicco", "Paul M. DeCico"]
["R. John Rogers", "Robert John Rogers"]
["R. John Rogers", "John Rogers"]
["Fabrizio La Spada", "La Spada"]
["Jeffrey M. Samuels G. Gervaise Davis, III", "Jeffrey Samuels G Gervaise Davis"]
["Lyons Debrett G.", "Debrett G."]
["Christine F\u00e9ral-Schuhl", "Christiane F\u00e9ral-Schuhl"]
["Gerald Page", "G\u00e9rald Page"]
["Sergio Jorge Vega Olvera", "J. Sergio Jorge Vega Olvera"]
["Barbora Donathová", "Barbora Donathova"]
["Sandra J.", "Sandra J. Franklinas"]
["Sandra J.", "Sandra J. Frankin"]
["Sandra J.", "Sandra J. Fraknlin"]
["Sandra J.", "Sandra J. Frankllin"]
["Sandra J.", "Sandra J. Franklin"]
["Philip V. Marano", "Phillip V. Marano"]
["Wilson Pinheiro Jabur", "Jabur Wilson Pinheiro"]
["Ingrīda Kariņa", "Ingrīda Kariņa-Bērziņa"]
["Ingrīda Kariņa", "Ingrīda Kariņa-Berziņa"]
["Ingrīda Kariņa", "Ingrida Kariņa-Bērziņa"]
["Ingrīda Kariņa", "Ingrida Kariņa"]
["Tjeerd F.W. Overdijk", "Tjeerd F.W. Overdijk benoemd"]
["Richrd Hill", "Richard Hill"]
["Justin Ourso", "A. Justin Ourso"]
["Justin Ourso", "A. Justin Ourso III"]
["Mario A.  Sol", "Mario A. Sol Muntañola"]
["DougJay Lee", "Doug Jay Lee"]
["Jeff Samuels, Esq", "Jeffrey M. Samuels"]
["Jeff Samuels, Esq", "Jeffery M. Samuels"]
["Charné Le Roux", "Charné Le"]
["Alistair PaynePresiding", "Alistair Payne"]
["N. J. Gardner", "Nick J. Gardner"]
["Louisa E. Condon", "Louis E.Condon"]
["Loke Khoon Tan", "Loke Khoon"]
["A. Scott Connelly", "M.Scott Donahey"]
["Bernard Meyer", "Bernhard F. Meyer"]
["Bernard Meyer", "Bernhard F. Meyer-Hauser"]
["Bernard Meyer", "Bernhard Meyer-Hauser Li"]
["Bernard Meyer", "Herr Bernhard F. Meyer-Hauser"]
["William F. Hamilton", "William F.Hamilton"]
["Eduard Sole", "Albert Sole Planas"]
["Jeffrey Samuels G Gervaise Davis", "G. Gervaise Davis III"]
["Jeffrey Samuels G Gervaise Davis", "G.Gervaise Davis III"]
["Jeffrey Samuels G Gervaise Davis", "G.Gervaise Davis"]
["Jeffrey Samuels G Gervaise Davis", "Gervaise Davis"]
["Jeffrey Samuels G Gervaise Davis", "Gervaise Davis III"]
["Jeffrey Samuels G Gervaise Davis", "G. Gervaise Davis"]
["Matthew S. Harris", "Matthew S. Harr"]
["Matthew S. Harris", "Mathew S. Harris"]
["A. Rothnie", "Warwick A.Rothnie"]
["A. Rothnie", "Warwick A. Rothnie"]
["Eizabeth Cuddihy", "Elizabeth Cuddihy"]
["David L.Kreider", "David L. Kreider"]
["Wiliam A. Van Caenegem", "William A. Van Caenegem"]
["Ralph Yachninn", "Ralph Yacnin"]
["Ralph Yachninn", "Ralph Yachnin"]
["Ralph Yachninn", "Ralph Yachnnin"]
["Ralph Yachninn", "Ralph Yachnin J."]
["Willem J.", "Willem J.H."]
["Willem J.", "Willem J. H."]
["Vinod K. Agarwal", "V. K. Agarwal"]
["James G. Fogo", "J G Fogo"]
["H. Waldbaum", "Maxim H. Waldbaum"]
["H. de Larramendi", "D. Luis H. de Larramendi"]
["H. de Larramendi", "Luis H. de Larramendi de Experto"]
["H. de Larramendi", "Luis H. de Larramendi"]
["Zbyn\u011bk Loebl", "Zbynek Loebl"]
["Stefania-Despoina Efstathiou", "Stefania-Despoina Efstathiou LL.M. mult"]
["Stefania-Despoina Efstathiou", "Stefania-Despoina Efstathiou LL.M."]
["James E. Redmond", "J.E. Redmond Q.C."]
["Nick J.as", "Nick J. Gardner"]
["Nick J.as", "Nick J."]
["Carol M.Stoner, Esq", "Carol M."]
["Carol M.Stoner, Esq", "Carol Stoner, Esq."]
["Haig Oghigian", "Haig OghigianSole"]
["Carlos Rodriguez", "Carlos Rodr\u00edguez"]
["Carlos Rodriguez", "Carlos Rodriguez-Garcia"]
["Christos A.", "Christos A. Theodoulou"]
["Stefania-Despoina Efstathiou LL.M. mult", "Stefania-Despoina Efstathiou"]
["Stefania-Despoina Efstathiou LL.M. mult", "Stefania-Despoina Efstathiou LL.M."]
["Bruce E", "Bruce E. Meyereson"]
["Bruce E", "Bruce E. Meyeson"]
["Bruce E", "Bruce E. Meyerson\u4e3a\u966a\u5ba1\u56e2\u6210\u5458\u3002"]
["Bruce E", "Bruce E. Meyerson"]
["Pablo A. P", "Pablo A."]
["Pablo A. P", "Pablo A. Palazzi"]
["Dilek Ustun", "Dilek Ustun Ekdial"]
["Dilek Ustun", "Dilek Üstün"]
["Michael Hwang", "Michael Hwang S. C"]
["Michael Hwang", "Michael Hwang S.C"]
["Ahmet Akguloglu", "Ahmet Akgüloglu"]
["Van Caenegem", "William A. Van Caenegem"]
["Van Caenegem", "W. Van Caenegem"]
["Van Caenegem", "A. Van Caenegem"]
["Terry F.Peppard", "Terry F. Peppard"]
["HON. TYRUS R. ATKINSON, JR", "Tyrus R. Atkinson, Jr."]
["HON. TYRUS R. ATKINSON, JR", "Tyrus R. Atkinson"]
["HON. TYRUS R. ATKINSON, JR", "Tyrus R. Atkinson, Jr.and"]
["D. Brian King", "Brian King"]
["Helena Villamil Jimenez", "Luz Helena Villamil Jimenez"]
["Helena Villamil Jimenez", "Helena Villamil"]
["Stefan Vorndran", "Stefan Vorndarn"]
["Ale\u0161 Vok\u00e1lek", "Ales Vok\u00e1lek"]
["Jos\u00e9 Pio", "Jose Pio Tamassia"]
["Carlos Rodriguez-Garcia", "Carlos Rodriguez"]
["Carlos Rodriguez-Garcia", "Carlos Rodr\u00edguez"]
["Chi Shaojie", "Ch i Shaojie"]
["Ralph Yachniin", "Ralph Yacnin"]
["Ralph Yachniin", "Ralph Yachnin"]
["Ralph Yachniin", "Ralph Yachnnin"]
["Ralph Yachniin", "Ralph Yachnin J."]
["Ralph Yachniin", "Ralph Yachni"]
["Ralph Yachniin", "Ralph Yachninn"]
["Ralph Yachniin", "Ralph Yachinin"]
["Jude Ralph Yachnin", "Ralph Yacnin"]
["Jude Ralph Yachnin", "Ralph Yachnin"]
["Jude Ralph Yachnin", "Ralph Yachnnin"]
["Jude Ralph Yachnin", "Ralph Yachnin J."]
["Jude Ralph Yachnin", "Ralph Yachnin"]
["Jude Ralph Yachnin", "Ralph Yachninn"]
["Jude Ralph Yachnin", "Ralph Yachniin"]
["Jude Ralph Yachnin", "Ralph Yachinin"]
["Jude Ralph Yachnin", "Ralph Yachnn"]
["Jude Ralph Yachnin", "Ralpah Yachnin"]
["William P. Knight", "William P"]
["Doug Isenberg", "Douglas M. Isenberg"]
["Clive Eliott", "Clive Elliot"]
["Clive Eliott", "Clive Elliott Q.C.as"]
["Clive Eliott", "Clive L. Elliott"]
["Clive Eliott", "Clive L.Elliott"]
["Miguel Garcia", "Luis Miguel Beneyto Garcia"]
["Miguel Garcia", "Luis Miguel Beneyto Garc\u00eda"]
["Miguel Garcia", "M. Garcia"]
["G. Gervaise", "G. Gervaise Davis III"]
["G. Gervaise", "G.Gervaise Davis III"]
["G. Gervaise", "G.Gervaise Davis"]
["G. Gervaise", "Gervaise Davis"]
["G. Gervaise", "Gervaise Davis III"]
["G. Gervaise", "G. Gervaise Davis"]
["Ch i Shaojie", "Chi Shaojie"]
["Kare n Fong", "Karen Fong"]
["F. Peppard", "Terry F. Peppard"]
["F. Peppard", "Terry F.Peppard"]
["Stefania-Despoina Efstathiou LL.M.", "Stefania-Despoina Efstathiou"]
["Stefania-Despoina Efstathiou LL.M.", "Stefania-Despoina Efstathiou LL.M. mult"]
["Albert Agustinoy Guilany", "Albert Augustinoy"]
["Albert Agustinoy Guilany", "D. Albert Agustinoy"]
["Albert Agustinoy Guilany", "D. Albert Agustinoy Guilayn"]
["Albert Agustinoy Guilany", "Albert Agustinoy"]
["Albert Agustinoy Guilany", "Albert Agustinoy Guilayn"]
["Luz Helena Villamil Jimenez", "Luz Helena Villamil"]
["Luz Helena Villamil Jimenez", "Luz Helena Villamil Jim\u00e9nez"]
["Louie E. Condon", "Louis E.Condon"]
["Sandra J. Fraknlin", "Sandra J. Frankin"]
["Sandra J. Fraknlin", "Sandra J. Frankllin"]
["Sandra J. Fraknlin", "Sandra J. Franklin"]
["Clive N.A.", "Clive N.A. Trotman"]
["Jams Alan Crary", "James A. Crary"]
["Gabriel F. Leonardos", "Gabriel F."]
["Thomas Legler", "Herrn Thomas Legler"]
["WiIliam A. Van Caenegem", "William A. Van Caenegem"]
["Thomas Schafft", "Thomas Legler"]
["Richard Hill", "Richrd Hill"]
["Debrett G. Lyon", "Debrett G. L"]
["Debrett G. Lyon", "Debrett G."]
["Ingrida Kari\u0146a", "Ingr\u012bda Kari\u0146a-B\u0113rzi\u0146a"]
["Ingrida Kari\u0146a", "Ingrida Karina-Berzina"]
["Ingrida Kari\u0146a", "Ingrida Karina"]
["Ingrida Kari\u0146a", "Ingr\u012bda Kari\u0146a-Berzi\u0146a"]
["Ingrida Kari\u0146a", "Ingrida Kari\u0146a-B\u0113rzi\u0146a"]
["Ingrida Kari\u0146a", "Ingr\u012bda Kari\u0146a"]
["Brian King", "D. Brian King"]
["Brian King", "D. Brian"]
["William Furlong", "William F"]
["Benoit Van", "M. Benoit THIERCELIN"]
["Reginald Hastings Jr", "Harold Carter Jr"]
["Montiano Monteagudo", "D. Montiano Monteagudo"]
["Tan Tee Jim", "Tee Jim Tan"]
["William F.Hamilton", "William F. Hamilton"]
["Elizabet h Cuddihy", "Elizabeth Cuddihy"]
["Desmond J. Ryan", "Des Ryan"]
["Desmond J. Ryan", "D. J. Ryan"]
["Desmond J. Ryan", "D.J. Ryan"]
["Desmond J. Ryan", "Desmond J. Ryan AM"]
["Desmond J. Ryan", "Des Ryan AM"]
["Soerensen Garcia", "Mario Soerensen Garcia"]
["Douglas M. Is enberg", "Douglas M. Isenberg"]
["Sandra J. Frankllin", "Sandra J. Frankin"]
["Sandra J. Frankllin", "Sandra J. Fraknlin"]
["Sandra J. Frankllin", "Sandra J. Franklin"]
["Solomon B. Watson IV", "Solomon B. Watson, Esq"]
["Robert R. Merhige", "Robert R. Merhige, Jr."]
["Gustavo Patricio Giay", "Gustavo P."]
["Gustavo Patricio Giay", "Gustavo Patricio"]
["Louis-Bernard Buchman", "-Bernard Buchman"]
["Louis-Bernard Buchman", "Lois-Bernard Buchman"]
["A. Van Caenegem", "William A. Van Caenegem"]
["A. Van Caenegem", "W. Van Caenegem"]
["A. Van Caenegem", "Wiliam A. Van Caenegem"]
["A. Van Caenegem", "Van Caenegem"]
["A. Van Caenegem", "WiIliam A. Van Caenegem"]
["D.J. Ryan", "D. J. Ryan"]
["D.J. Ryan", "Desmond J. Ryan"]
["D.J. Ryan", "D. J. Ryan AM"]
["D.J. Ryan", "Desmond J. Ryan AM"]
["James A. Crary", "Jaqmes A. Crary"]
["James A. Crary", "James A.Crary"]
["James A. Crary", "Jame A. Crary"]
["Kenneth L. Port", "Kenneth L.Port"]
["Richard Allan Horning", "Allan Horning"]
["Nghiem Xuan Bac", "Xuan Bac"]
["J es E. Redmond", "J.E. Redmond Q.C."]
["J es E. Redmond", "James E. Redmond"]
["James A. Carmody, Esq", "A. Carmody, Esq"]
["James A. Carmody, Esq", "James A.Carmody, Esq"]
["Solomon B. Watson, Esq", "Solomon B. Watson IV"]
["W. Page", "R. W. Page"]
["W. Page", "Richard W. Page"]
["Willem J. H.", "Willem J.H."]
["Willem J. H.", "Willem J."]
["Dinant T.L. Oosterbaan", "T. L. Oosterbaan"]
["Dinant T.L. Oosterbaan", "T.L. Oosterbaan"]
["Manuel Moreno-Torres Experto", "Manuel Moreno-Torrres"]
["Manuel Moreno-Torres Experto", "Manuel Moreno"]
["Manuel Moreno-Torres Experto", "Manuel Moreno-Torres"]
["Peter Burgstaller", "Herrn Peter Burgstaller"]
["B. Banks, Jr.", "B. Banks"]
["Ales Vokálek", "Aleš Vokálek"]
["R. Eric Gaum", "Eric Gaum"]
["R. Eric Gaum", "Eric Guam"]
["Ling Moi", "Sok Ling MOI"]
["T.L. Oosterbaan", "T. L. Oosterbaan"]
["T.L. Oosterbaan", "Dinant T.L. Oosterbaan"]
["Mar\u00eda Alejandra L\u00f3pez", "Maria Alejandra Lopez G."]
["Mar\u00eda Alejandra L\u00f3pez", "Mar\u00eda Alejandra L\u00f3pez G."]
["Mar\u00eda Alejandra L\u00f3pez", "Mar\u00eda Alejandra L\u00f3pez Garc\u00eda"]
["Antonina Pakharenko Anderson", "Antonina Pakhaerenko"]
["Antonina Pakharenko Anderson", "Antonina Pakharenko"]
["Jose Carlos Erdozain", "Jos\u00e9 Carlos Erdozain de Experto"]
["Jose Carlos Erdozain", "Jos\u00e9 Carlos Erdoza\u00edn"]
["Jose Carlos Erdozain", "Carlos Erdozain"]
["Jose Carlos Erdozain", "Jos\u00e9 Carlos Erdozain"]
["Neil Anthony Brown Q", "The Honhourable Neil Anthony Brown"]
["Neil Anthony Brown Q", "Neil Brown Q. C."]
["Neil Anthony Brown Q", "Neil Anthony Brown"]
["Neil Anthony Brown Q", "Neil Anthony Brow QC"]
["Neil Anthony Brown Q", "Neil Anthony B rown QC"]
["Neil Anthony Brown Q", "NeilAnthony Brown"]
["Neil Anthony Brown Q", "Meil Anthony Brown"]
["Neil Anthony Brown Q", "Nell Anthony Brown"]
["Cedric Manara", "C\u00e9dric Manara"]
["Ariel Manoff", "H\u00e9ctor Ariel Manoff"]
["Ariel Manoff", "Hector Ariel Manoff"]
["Deanna Wong Wai", "Deanna Wong Wai Man"]
["Deanna Wong Wai", "Deanna Wai Man Wong"]
["Ralph Yachinin", "Ralph Yacnin"]
["Ralph Yachinin", "Ralph Yachnin"]
["Ralph Yachinin", "Ralph Yachnnin"]
["Ralph Yachinin", "Ralph Yachnin J."]
["Ralph Yachinin", "Ralph Yachni"]
["Ralph Yachinin", "Ralph Yachin"]
["Ralph Yachinin", "Ralph Yachninn"]
["Ralph Yachinin", "Ralph Yachniin"]
["Ralph Yachinin", "Jude Ralph Yachnin"]
["Ralph Yachinin", "Ralph Yachnn"]
["Jan Claude Petillion", "Jean Claude Petillion"]
["Jan Claude Petillion", "Claude Petillion"]
["Jan Claude Petillion", "J.C. Petillion"]
["Rodolfo Carlos Rivas Rea", "Rodolfo Carlos Rivas Rea"]
["Olivier E. Itéanu", "Olivier Iteanu"]
["Olivier E. Itéanu", "Clive Thorne Olivier Iteanu"]
["Jos\u00e9 Ignacio San Mart\u00edn Santamar\u00eda", "Jos\u00e9 Ignacio"]
["Jos\u00e9 Ignacio San Mart\u00edn Santamar\u00eda", "Ignacio San Mart\u00edn Santamar\u00eda"]
["Jos\u00e9 Ignacio San Mart\u00edn Santamar\u00eda", "Jos\u00e9 Ignacio San Mart\u00edn"]
["Manuel Moreno-Torres", "Manuel Moreno-Torrres"]
["Manuel Moreno-Torres", "Manuel Moreno"]
["Manuel Moreno-Torres", "Manuel Moreno-Torres Experto"]
["Deanna Wai Man Wong", "Deanna Wong Wai Man"]
["Bruce Black", "Bruce E. Meyerson"]
["Mar\u00eda Alejandra L\u00f3pez Garc\u00eda", "Maria Alejandra Lopez G."]
["Mar\u00eda Alejandra L\u00f3pez Garc\u00eda", "Mar\u00eda Alejandra L\u00f3pez G."]
["Gerald M. Levine", "Gerald Levine Ph.D,"]
["Paul M. DeCiccco", "Paul M. DeCicco"]
["Paul M. DeCiccco", "Paul M. DeCico"]
["Tyrus R. Atkinson", "Tyrus R. Atkinson, Jr."]
["Tyrus R. Atkinson", "HON. TYRUS R. ATKINSON, JR"]
["Lois-Bernard Buchman", "Louis-Bernard Buchman"]
["William Lye OAM KC", "William Lye"]
["Soh Kar Liang", "Kar Liang Soh"]
["Neil Anthony B rown QC", "The Honhourable Neil Anthony Brown"]
["Neil Anthony B rown QC", "Antony Brown QC"]
["Neil Anthony B rown QC", "Neil Brown Q. C."]
["Neil Anthony B rown QC", "Neil Anthony Brown"]
["Neil Anthony B rown QC", "Neil Anthony Brown Q"]
["Neil Anthony B rown QC", "Meil Anthony Brown"]
["Jose de Piérola", "José de Pierola"]
["John J. Upchurch", "John J.Upchurch"]
["Pete L. Michaelson", "Peter L. Michaelson"]
["Tyrus R. Atkinson, Jr.and", "Tyrus R. Atkinson, Jr."]
["Tyrus R. Atkinson, Jr.and", "HON. TYRUS R. ATKINSON, JR"]
["Tyrus R. Atkinson, Jr.and", "Tyrus R. Atkinson"]
["L. Calderón Rodriguez", "Cristian Leonardo Calderón Rodríguez"]
["P. Jay Hines", "Jay Hines"]
["M. Benoit THIERCELIN", "Benoit THIERCELIN"]
["Anne-Virginie La Spada-Gaide", "Anne-Virginie La Spada"]
["J.T. Smith", "Nicholas J.T. Smith"]
["Willam R. Towns", "William R. Towns"]
["Desmond J. Ryan AM", "Desmond J. Ryan"]
["Desmond J. Ryan AM", "D.J. Ryan"]
["Desmond J. Ryan AM", "Des Ryan AM"]
["Desmond J. Ryan AM", "D. J. Ryan"]
["Desmond J. Ryan AM", "D. J. Ryan AM"]
["Paz Soler", "Paz Soler Masota"]
["Kiyoshi I.Tsuru", "Kiyoshi Tsuru"]
["HonorableCarloyn M. Johnson", "Carolyn Marks Johnson"]
["HonorableCarloyn M. Johnson", "Carloyn M. Johnson"]
["Louis E. Condonu", "Louis E. Condon"]
["Louis E. Condonu", "Louis E.Condon"]
["James A.Carmody, Esq", "James A. Carmody, Esq"]
["Junghye June Yeum", "Junghye (June)"]
["Hector Ariel Manoff", "H\u00e9ctor Ariel Manoff"]
["Simone Lahorgue", "Simone Lahorgue Nunes"]
["George R. F. Souter", "George R.F.Souter"]
["Eric Macramalla", "Eric Macramalia"]
["Andrew Brown Q.", "Andrew Brown Q.C."]
["Andrew Brown Q.", "Andrew Brown Q. C."]
["M. Kelly Tillery", "KELLY TILLERY"]
["N.A. Trotman", "Clive N.A. Trotman"]
["Jos\u00e9 Ignacio San Mart\u00edn", "Jos\u00e9 Ignacio"]
["Jos\u00e9 Ignacio San Mart\u00edn", "Jos\u00e9 Ignacio San"]
["Jos\u00e9 Ignacio San Mart\u00edn", "Ignacio San Mart\u00edn"]
["Jos\u00e9 Ignacio San Mart\u00edn", "Jos\u00e9 Ignacio San Mart\u00edn Santamar\u00eda"]
["Ho -Hyun Nam(Presiding", "Ho -Hyun Nam"]
["Ho -Hyun Nam(Presiding", "Ho-Hyun Nahm, Esq"]
["Louis E", "Louis E. Condon"]
["Louis E", "Louis E.Condon"]
["Paul A. Dorf", "A. Dorf"]
["Barry C. Effler", "Q.C. Barry C. Effler"]
["Barry C. Effler", "Barry Effler LL.B.,"]
["Barry C. Effler", "Barry C. Effler C. Arb"]
["Barry C. Effler", "Barry C. Effier"]
["Michael Froomkin", "A. Michael Froomkin"]
["Christian Schnedler", "Jan Christian Schnedler"]
["Marks Johnson", "Carolyn Marks Johnson"]
["\u00c1ngel Garc\u00eda Vidal", "Angel Garc\u00eda Vidal"]
["Carloyn M. Johnson", "HonorableCarloyn M. Johnson"]
["Mariya Koval", "Maria Koval"]
["Mariya Koval", "Mariia Koval"]
["G. Gervaise Davis", "G. Gervaise Davis III"]
["G. Gervaise Davis", "G.Gervaise Davis III"]
["G. Gervaise Davis", "G.Gervaise Davis"]
["G. Gervaise Davis", "Gervaise Davis"]
["K. McCotter, Jr.", "Charles K. McCotter, Jr."]
["Scott Don ahey", "Scott Donahey"]
["Scott Don ahey", "M. Scott Donahey"]
["Scott Don ahey", "M.Scott Donahey"]
["Paul Michael De", "Paul Michael"]
["Paul Michael De", "Paul M. DeCicco"]
["Paul Michael De", "Paul M. DeCiccco"]
["Paul Michael De", "Paul M. DeCico"]
["L. Limbury", "Alan L. Limbury"]
["L. Limbury", "Q.C. Alan Limbury"]
["L. Limbury", "Alan L. Limbury Esq.as Panelists"]
["Diane Thilly Cablell", "Diane Cabell"]
["Tim Casey", "Timothy D. Casey"]
["NeilAnthony Brown", "N A Brown"]
["NeilAnthony Brown", "The Honhourable Neil Anthony Brown"]
["NeilAnthony Brown", "Neil Anthony Brown"]
["NeilAnthony Brown", "Neil Brown Q. C."]
["NeilAnthony Brown", "Neil Brown QCPanelist"]
["NeilAnthony Brown", "Neil Anthony Brown Q"]
["NeilAnthony Brown", "Meil Anthony Brown"]
["NeilAnthony Brown", "Nell Anthony Brown"]
["Kiyoshi Tsuru", "Kiyoshi Iago Tsuru Alberú"]
["Kiyoshi Tsuru", "Kiyoshi I.Tsuru"]
["Pham Nghiem", "Pham Nghiem Xuan Bac"]
["Pham Nghiem", "Pham Nghiem Xuan"]
["Marie Emmanuelle", "Marie-Emmanuelle Haas Avocat"]
["Marie Emmanuelle", "Marie-Emmanuelle Haas"]
["Marie Emmanuelle", "Marie-Emmanuelle HASS"]
["Duncan Thorne", "Clive Duncan Thorne"]
["Roberto A. Bianchi\u00b4s", "Roberto Bianchi"]
["F.M. Abbott", "Frederick M. Abbott"]
["F.M. Abbott", "M. Abbott"]
["F.M. Abbott", "F M Abbott"]
["Loke Khoon", "Loke Khoon Tan"]
["Paul M. DeCico", "Paul M. DeCicco"]
["Paul M. DeCico", "Paul M. DeCiccco"]
["Ho-Hyun Nahn, Esq", "Ho-Hyun Nahm, Esq"]
["James Bridgeman", "James Bridgeman SC"]
["James Bridgeman", "J. Bridgeman"]
["Ralph Yachnn", "Ralph Yachnin"]
["Ralph Yachnn", "Ralph Yachnin J."]
["Ralph Yachnn", "Ralph Yachni"]
["Ralph Yachnn", "Ralph Yachin"]
["Ralph Yachnn", "Ralph Yachinin"]
["Ralph Yachnn", "Jude Ralph Yachnin"]
["Nathalie Dreyfus", "Nathalie Dreyfus Membre"]
["Charles A.Kuechenmeister", "Chaarles A. Kuechenmeister"]
["Charles A.Kuechenmeister", "Charles Kuenchenmeister"]
["Charles A.Kuechenmeister", "Charles A. Kuecheneisster"]
["Charles A.Kuechenmeister", "Charles A. Kuechenmeister"]
["Carol Anne Been", "Carol Anne"]
["George TIAN Yijun", "Yijun Tian"]
["George TIAN Yijun", "George Tian"]
["Alvaro Loureiro Oliveira", "Alvaro Loureiro"]
["Alvaro Loureiro Oliveira", "Loureiro Oliveira"]
["Enrique Bardales", "Enrique Bardales Mendoza"]
["Luis C. Schmidt", "Luis C"]
["D. Brian", "D. Brian King"]
["C. Elliott", "Clive Elliott Q.C.as"]
["C. Elliott", "Clive L. Elliott"]
["C. Elliott", "Clive L.Elliott"]
["Irving H. Perluss", "IRVING H. PERUSS"]
["Thomas M anson", "Thomas Manson"]
["Leslie E.", "LESLIE E. MAEROV"]
["Brian Roach", "Brian D. Albert Esq."]
["William van", "William A. Van Caenegem"]
["Michal Matejka", "Michal Mat\u011bjka"]
["Miguel B. O\u2019Farrell", "Miguel B. O\u2019Farell"]
["Miguel B. O\u2019Farrell", "Miguel B. O"]
["Miguel B. O\u2019Farrell", "Miguel B. O\u2019Farrell como"]
["K Szamosi", "Katlain Szamosi"]
["K Szamosi", "Szamosi Katalin"]
["K Szamosi", "Katalin Szamosi"]
["Andrew D.S.", "Andrew D. S."]
["Andrew D.S.", "Andrew D."]
["Carol M. Johnson", "Carloyn M. Johnson"]
["Carol M. Johnson", "HonorableCarloyn M. Johnson"]
["Des Ryan AM", "Des Ryan"]
["Des Ryan AM", "Desmond J. Ryan AM"]
["Aaron B. Newell", "Aaron B"]
["Luis C", "Luis C. Schmidt"]
["Avvocato Pierfrancesco Carmine Fasano", "Avvocato Pierfrancesco Carmine"]
["Gabriela Paiva Hantke", "Gabriela Paiva"]
["Ada L.", "Ada L. Redondo"]
["Kar Liang So", "Soh Kar Liang"]
["Antonina Pakharenko", "Antonina Pakhaerenko"]
["Marilena Com\u0103nescu", "Marilena Comanescu"]
["Rechtsanwalt Udo Pfleghar", "Udo Pfleghar"]
["Sandra J. Franklin", "Sandra J. Frankin"]
["Sandra J. Franklin", "Sandra J. Fraknlin"]
["Sandra J. Franklin", "Sandra J. Frankllin"]
["Redondo Aguilera", "Ada L. Redondo Aguilera"]
["Jean-Claude Combaldieu", "M. Jean-Claude Combaldieu"]
["Petter Rindforh", "Petter Rindforth"]
["Petter Rindforh", "P-E H Petter Rindforth"]
["Petter Rindforh", "Petter Rindforrth"]
["Mart\u00edn Michaus", "Martin Michaus"]
["Mart\u00edn Michaus", "D. Mart\u00edn Michaus"]
["Mart\u00edn Michaus", "Mart\u00edn Michaus Romero"]
["Mart\u00edn Michaus", "Martin Michaus Romero"]
["Dawn Osborne", "Dawn Osborn"]
["Elizabeth Cuddihyto", "Elizabeth Cuddihy"]
["Ezgi Baklac\u0131 G\u00fclkokar", "Ezgi Baklac\u0131"]
["Jeffery Elkinson", "Jeffrey Elkinson"]
["H.Curtis Meanor", "HON. H. CURTIS MEANOR"]
["H.Curtis Meanor", "H. Curtis Meanor"]
["Geert Glas", "M. Geert Glas"]
["St\u00e9phane Lermarchand", "St\u00e9phane Lemarchand"]
["Chi Sha ojie", "Chi Shaojie"]
["Nick J.", "Nick J. Gardner"]
["Diana Cabell", "Diane Cabell"]
["Brian J. Winterfeldt", "J. Winterfeldt"]
["Isimtescil Bilisim A.S.", "Isimtescil Bili\u015fim A.\u015e."]
["Bruce E. Meyerson\u4e3a\u966a\u5ba1\u56e2\u6210\u5458\u3002", "Bruce E. Meyeson"]
["Bruce E. Meyerson\u4e3a\u966a\u5ba1\u56e2\u6210\u5458\u3002", "Bruce E. Meyerson"]
["Karl V. Fink", "Karl V. Fisnk"]
["Gon\u00e7alo M. C. Da Cunha", "Gon\u00e7alo M."]
["Gon\u00e7alo M. C. Da Cunha", "Gon\u00e7alo M. C. Da"]
["Andrea Jaeger-Lenz", "Andrea Jaeger"]
["Meil Anthony Brown", "Neil Anthony Brown"]
["Meil Anthony Brown", "Anthony Brown"]
["Meil Anthony Brown", "Neil Anthony Brow QC"]
["Meil Anthony Brown", "Nell Anthony Brown"]
["Ugur G. Yalciner", "Ugur G. Yal\u00e7iner"]
["Ugur G. Yalciner", "Ugur G. Yal\u00e7\u0131ner"]
["Ugur G. Yalciner", "U\u011fur G. Yalciner"]
["Paz Soler Masota", "Soler Masota"]
["Bruce E. Meyerson", "Bruce E. Meyereson"]
["Bruce E. Meyerson", "Bruce E. Meyeson"]
["Bruce E. Meyerson", "Bruce Myerson"]
["Bruce E. Meyerson", "Bruce E"]
["R. P. Kerans", "R.P. Kerans"]
["R. P. Kerans", "Roger P. Kerans FCIArb"]
["R. P. Kerans", "Roger P. Kerans"]
["Assen Aleviev", "Assen Alexiev"]
["J. Todd Deshong", "Todd Dickinson"]
["John Rogers", "Robert John Rogers"]
["John Rogers", "R. John Rogers"]
["Stephen Morris", "John Morris"]
["Linant de Bellefonds", "Xavier Linant de Bellefonds"]
["Wilson Pinheiro", "Wilson Pinheiro Jabu"]
["Wilson Pinheiro", "Wilson Pinheiro Jabur"]
["Pierfrancesco Fasano", "Avvocato Pierfrancesco Carmine Fasano"]
["Daehee Lee", "Dae-Hee Lee"]
["R. Samaras", "Harrie R. Samaras"]
["Dilek \u00dcst\u00fcn", "Dilek Ustun"]
["Benoit Van Asbroeck", "Beno\u00eet Van Asbroeck"]
["U\u011fur G. Yalciner", "U\u011fur G. Yal\u00e7\u0131ner"]
["U\u011fur G. Yalciner", "Ugur G. Yalciner"]
["A. Foster", "Dennis A. Foster"]
["A. Foster", "David A. Foster"]
["T Willoughby", "Tony Willoughby"]
["Robert R. Merhige, Jr.", "Robert R. Merhige"]
["Ralpah Yachnin", "Ralph Yachnin"]
["Ralpah Yachnin", "Ralph Yachnin J."]
["Ralpah Yachnin", "Jude Ralph Yachnin"]
["Otakar Svorcik", "Otakar \u0160vor\u010d\u00edk"]
["Miguel B. O\u2019Farrell como", "Miguel B. O\u2019Farrell"]
["Miguel B. O\u2019Farrell como", "Miguel B. O"]
["Louis E.Condon", "Louis E. Condon"]
["Louis E.Condon", "Louie E. Condon"]
["Anne-Virginie La", "Anne-Virginie La Spada"]
["Anne-Virginie La", "Anne-Virginie La Spada-Gaide"]
["Glen Ayers", "R. Glen Ayers"]
["Glen Ayers", "R. Glen Ayers"]
["Glen Ayers", "R.GLEN AYERS"]
["Glen Ayers", "Glen Ayers, Jr."]
["Glen Ayers", "R. Glen Ayers, Jr."]
["Lars Karnoe", "Lars Karnøe"]
["Clive N.A. Trotman", "Clive N.A.Trotman"]
["Clive N.A. Trotman", "Clive N.A."]
["Kimberley Chen", "Kimberly Chen Nobles"]
["Kimberley Chen", "Kimberley Chen Nobles"]
["Christop he Caron", "Christophe Caron"]
["Mar\u00eda Baylos", "Mar\u00eda Baylos Morales"]
["Philip N. Argyas", "Philip N. Argy"]
["Ellen B", "Ellen B Shankman"]
["Charters Macdonald", "Charters Macdonald-Brown"]
["Roberto A.", "Roberto A. Bianchi´s"]
["Jose Pio Tamassia", "José Pio Tamassia"]
["José Carlos Erdozain", "José Carlos Erdozaín"]
["José Carlos Erdozain", "Jose Carlos Erdozain"]
["J Delgado", "Jaime Delgado"]
["Tobias Malte Müller", "Tobias Malte"]
["Jeffrey P. Kushan", "Jeffrey M. Samuels G. Gervaise Davis, III"]
["Jeffrey P. Kushan", "Jeffrey Samuels G Gervaise Davis"]
["Lana I Habash", "Lana I"]
["Joe Lee", "JON W. LEE"]
["Massimo Cimoli", "Avv.MASSIMO CIMOLI"]
["Dawn Osborn", "Dawn Osborne"]
["Karen Fong", "Kare n Fong"]
["Maria Cristina Martínez-Tercero Molina", "Maria Cristina Martínez"]
["Doug Jay Lee", "DougJay Lee"]
["Nell Anthony Brown", "The Honhourable Neil Anthony Brown"]
["Nell Anthony Brown", "Neil Anthony Brown"]
["Nell Anthony Brown", "Neil Anthony Brow QC"]
["Nell Anthony Brown", "Neil Anthony Brown Q"]
["Nell Anthony Brown", "Neil Anthony B rown QC"]
["Nell Anthony Brown", "NeilAnthony Brown"]
["Nell Anthony Brown", "Meil Anthony Brown"]
["Jay Hines", "P. Jay"]
["Jay Hines", "P. Jay Hines"]
["Tom Arnold", "T. Arnold"]
["E. Meyerson", "Bruce E. Meyerson"]
["Roger P. Kerans", "R.P. Kerans"]
["Roger P. Kerans", "Roger P."]
["Roger P. Kerans", "Roger P. Kerans FCIArb"]
["Roger P. Kerans", "R. P. Kerans"]
["Ugur G.", "Ugur G. Yal\u00e7iner"]
["Ugur G.", "Ugur G. Yal\u00e7\u0131ner"]
["Ugur G.", "Ugur G. Yalciner"]
